[2m2026-02-01T00:15:36.256503Z[0m [32m INFO[0m [2mdashboard_server[0m[2m:[0m Dashboard Server listening on 0.0.0.0:3000
[2m2026-02-01T00:15:38.210430Z[0m [32m INFO[0m [2mdashboard_server[0m[2m:[0m WebSocket client connected!
[2m2026-02-01T00:15:38.210461Z[0m [32m INFO[0m [2mdashboard_server[0m[2m:[0m Subscribed to broadcast channel, receiver count: 2
[2m2026-02-01T00:15:38.210469Z[0m [32m INFO[0m [2mdashboard_server[0m[2m:[0m Send task started, waiting for broadcasts...
[2m2026-02-01T00:15:38.413142Z[0m [32m INFO[0m [2mdashboard_server[0m[2m:[0m WebSocket client connected!
[2m2026-02-01T00:15:38.413181Z[0m [32m INFO[0m [2mdashboard_server[0m[2m:[0m Subscribed to broadcast channel, receiver count: 3
[2m2026-02-01T00:15:38.413245Z[0m [32m INFO[0m [2mdashboard_server[0m[2m:[0m Send task started, waiting for broadcasts...
[2m2026-02-01T00:15:39.196445Z[0m [32m INFO[0m [2mdashboard_server[0m[2m:[0m WebSocket client connected!
[2m2026-02-01T00:15:39.196469Z[0m [32m INFO[0m [2mdashboard_server[0m[2m:[0m Subscribed to broadcast channel, receiver count: 4
[2m2026-02-01T00:15:39.196478Z[0m [32m INFO[0m [2mdashboard_server[0m[2m:[0m Send task started, waiting for broadcasts...
[2m2026-02-01T00:15:39.421616Z[0m [32m INFO[0m [2mdashboard_server[0m[2m:[0m WebSocket client connected!
[2m2026-02-01T00:15:39.421722Z[0m [32m INFO[0m [2mdashboard_server[0m[2m:[0m Subscribed to broadcast channel, receiver count: 5
[2m2026-02-01T00:15:39.421742Z[0m [32m INFO[0m [2mdashboard_server[0m[2m:[0m Send task started, waiting for broadcasts...
[2m2026-02-01T00:15:54.658096Z[0m [32m INFO[0m [2mdashboard_server[0m[2m:[0m 📡 Telemetry Push: marksman_pulse
[2m2026-02-01T00:15:54.658308Z[0m [32m INFO[0m [2mdashboard_server[0m[2m:[0m Received broadcast: marksman_pulse
[2m2026-02-01T00:15:54.658603Z[0m [32m INFO[0m [2mdashboard_server[0m[2m:[0m Received broadcast: marksman_pulse
[2m2026-02-01T00:15:54.658927Z[0m [32m INFO[0m [2mdashboard_server[0m[2m:[0m Sending to WebSocket client: 45820 bytes
[2m2026-02-01T00:15:54.658939Z[0m [32m INFO[0m [2mdashboard_server[0m[2m:[0m Sending to WebSocket client: 45820 bytes
[2m2026-02-01T00:15:54.658998Z[0m [32m INFO[0m [2mdashboard_server[0m[2m:[0m Received broadcast: marksman_pulse
[2m2026-02-01T00:15:54.659181Z[0m [32m INFO[0m [2mdashboard_server[0m[2m:[0m Sending to WebSocket client: 45820 bytes
[2m2026-02-01T00:15:54.659386Z[0m [32m INFO[0m [2mdashboard_server[0m[2m:[0m Received broadcast: marksman_pulse
[2m2026-02-01T00:15:54.659502Z[0m [32m INFO[0m [2mdashboard_server[0m[2m:[0m Sending to WebSocket client: 45820 bytes
[2m2026-02-01T00:16:07.188942Z[0m [32m INFO[0m [2mdashboard_server[0m[2m:[0m 📡 Telemetry Push: marksman_pulse
[2m2026-02-01T00:16:07.191819Z[0m [32m INFO[0m [2mdashboard_server[0m[2m:[0m Received broadcast: marksman_pulse
[2m2026-02-01T00:16:07.191872Z[0m [32m INFO[0m [2mdashboard_server[0m[2m:[0m Received broadcast: marksman_pulse
[2m2026-02-01T00:16:07.191945Z[0m [32m INFO[0m [2mdashboard_server[0m[2m:[0m Sending to WebSocket client: 45862 bytes
[2m2026-02-01T00:16:07.191981Z[0m [32m INFO[0m [2mdashboard_server[0m[2m:[0m Received broadcast: marksman_pulse
[2m2026-02-01T00:16:07.191981Z[0m [32m INFO[0m [2mdashboard_server[0m[2m:[0m Sending to WebSocket client: 45862 bytes
[2m2026-02-01T00:16:07.192003Z[0m [32m INFO[0m [2mdashboard_server[0m[2m:[0m Received broadcast: marksman_pulse
[2m2026-02-01T00:16:07.192070Z[0m [32m INFO[0m [2mdashboard_server[0m[2m:[0m Sending to WebSocket client: 45862 bytes
[2m2026-02-01T00:16:07.192196Z[0m [32m INFO[0m [2mdashboard_server[0m[2m:[0m Sending to WebSocket client: 45862 bytes
[2m2026-02-01T00:16:11.232935Z[0m [32m INFO[0m [2mdashboard_server[0m[2m:[0m WebSocket client connected!
[2m2026-02-01T00:16:11.233385Z[0m [32m INFO[0m [2mdashboard_server[0m[2m:[0m Subscribed to broadcast channel, receiver count: 6
[2m2026-02-01T00:16:11.233442Z[0m [32m INFO[0m [2mdashboard_server[0m[2m:[0m Send task started, waiting for broadcasts...
[2m2026-02-01T00:16:11.386568Z[0m [32m INFO[0m [2mdashboard_server[0m[2m:[0m WebSocket client connected!
[2m2026-02-01T00:16:11.386618Z[0m [32m INFO[0m [2mdashboard_server[0m[2m:[0m Subscribed to broadcast channel, receiver count: 7
[2m2026-02-01T00:16:11.386701Z[0m [32m INFO[0m [2mdashboard_server[0m[2m:[0m Send task started, waiting for broadcasts...
[2m2026-02-01T00:16:12.725021Z[0m [32m INFO[0m [2mdashboard_server[0m[2m:[0m WebSocket client disconnected
[2m2026-02-01T00:16:12.725021Z[0m [32m INFO[0m [2mdashboard_server[0m[2m:[0m WebSocket client disconnected
[2m2026-02-01T00:16:13.097420Z[0m [32m INFO[0m [2mdashboard_server[0m[2m:[0m WebSocket client connected!
[2m2026-02-01T00:16:13.097622Z[0m [32m INFO[0m [2mdashboard_server[0m[2m:[0m Subscribed to broadcast channel, receiver count: 6
[2m2026-02-01T00:16:13.097682Z[0m [32m INFO[0m [2mdashboard_server[0m[2m:[0m Send task started, waiting for broadcasts...
[2m2026-02-01T00:16:14.166444Z[0m [32m INFO[0m [2mdashboard_server[0m[2m:[0m WebSocket client connected!
[2m2026-02-01T00:16:14.166472Z[0m [32m INFO[0m [2mdashboard_server[0m[2m:[0m Subscribed to broadcast channel, receiver count: 7
[2m2026-02-01T00:16:14.166481Z[0m [32m INFO[0m [2mdashboard_server[0m[2m:[0m Send task started, waiting for broadcasts...
[2m2026-02-01T00:16:14.477850Z[0m [32m INFO[0m [2mdashboard_server[0m[2m:[0m WebSocket client disconnected
[2m2026-02-01T00:16:14.477899Z[0m [32m INFO[0m [2mdashboard_server[0m[2m:[0m WebSocket client disconnected
[2m2026-02-01T00:16:17.327957Z[0m [32m INFO[0m [2mdashboard_server[0m[2m:[0m 📡 Telemetry Push: marksman_pulse
[2m2026-02-01T00:16:17.328066Z[0m [32m INFO[0m [2mdashboard_server[0m[2m:[0m Received broadcast: marksman_pulse
[2m2026-02-01T00:16:17.328119Z[0m [32m INFO[0m [2mdashboard_server[0m[2m:[0m Received broadcast: marksman_pulse
[2m2026-02-01T00:16:17.328162Z[0m [32m INFO[0m [2mdashboard_server[0m[2m:[0m Sending to WebSocket client: 46023 bytes
[2m2026-02-01T00:16:17.328239Z[0m [32m INFO[0m [2mdashboard_server[0m[2m:[0m Received broadcast: marksman_pulse
[2m2026-02-01T00:16:17.328264Z[0m [32m INFO[0m [2mdashboard_server[0m[2m:[0m Received broadcast: marksman_pulse
[2m2026-02-01T00:16:17.328321Z[0m [32m INFO[0m [2mdashboard_server[0m[2m:[0m Sending to WebSocket client: 46023 bytes
[2m2026-02-01T00:16:17.328373Z[0m [32m INFO[0m [2mdashboard_server[0m[2m:[0m Sending to WebSocket client: 46023 bytes
[2m2026-02-01T00:16:17.328431Z[0m [32m INFO[0m [2mdashboard_server[0m[2m:[0m Sending to WebSocket client: 46023 bytes
[2m2026-02-01T00:16:26.800793Z[0m [32m INFO[0m [2mdashboard_server[0m[2m:[0m 📡 Telemetry Push: marksman_pulse
[2m2026-02-01T00:16:26.801457Z[0m [32m INFO[0m [2mdashboard_server[0m[2m:[0m Received broadcast: marksman_pulse
[2m2026-02-01T00:16:26.801515Z[0m [32m INFO[0m [2mdashboard_server[0m[2m:[0m Received broadcast: marksman_pulse
[2m2026-02-01T00:16:26.801605Z[0m [32m INFO[0m [2mdashboard_server[0m[2m:[0m Received broadcast: marksman_pulse
[2m2026-02-01T00:16:26.801647Z[0m [32m INFO[0m [2mdashboard_server[0m[2m:[0m Sending to WebSocket client: 45845 bytes
[2m2026-02-01T00:16:26.801764Z[0m [32m INFO[0m [2mdashboard_server[0m[2m:[0m Received broadcast: marksman_pulse
[2m2026-02-01T00:16:26.801814Z[0m [32m INFO[0m [2mdashboard_server[0m[2m:[0m Sending to WebSocket client: 45845 bytes
[2m2026-02-01T00:16:26.802058Z[0m [32m INFO[0m [2mdashboard_server[0m[2m:[0m Sending to WebSocket client: 45845 bytes
[2m2026-02-01T00:16:26.802778Z[0m [32m INFO[0m [2mdashboard_server[0m[2m:[0m Sending to WebSocket client: 45845 bytes
[2m2026-02-01T00:16:36.555359Z[0m [32m INFO[0m [2mdashboard_server[0m[2m:[0m 📡 Telemetry Push: marksman_pulse
[2m2026-02-01T00:16:36.556118Z[0m [32m INFO[0m [2mdashboard_server[0m[2m:[0m Received broadcast: marksman_pulse
[2m2026-02-01T00:16:36.556148Z[0m [32m INFO[0m [2mdashboard_server[0m[2m:[0m Received broadcast: marksman_pulse
[2m2026-02-01T00:16:36.556234Z[0m [32m INFO[0m [2mdashboard_server[0m[2m:[0m Sending to WebSocket client: 45908 bytes
[2m2026-02-01T00:16:36.556246Z[0m [32m INFO[0m [2mdashboard_server[0m[2m:[0m Sending to WebSocket client: 45908 bytes
[2m2026-02-01T00:16:36.559515Z[0m [32m INFO[0m [2mdashboard_server[0m[2m:[0m Received broadcast: marksman_pulse
[2m2026-02-01T00:16:36.559607Z[0m [32m INFO[0m [2mdashboard_server[0m[2m:[0m Sending to WebSocket client: 45908 bytes
[2m2026-02-01T00:16:36.559745Z[0m [32m INFO[0m [2mdashboard_server[0m[2m:[0m Received broadcast: marksman_pulse
[2m2026-02-01T00:16:36.560127Z[0m [32m INFO[0m [2mdashboard_server[0m[2m:[0m Sending to WebSocket client: 45908 bytes
[2m2026-02-01T00:16:44.773690Z[0m [32m INFO[0m [2mdashboard_server[0m[2m:[0m 📡 Telemetry Push: marksman_pulse
[2m2026-02-01T00:16:44.774093Z[0m [32m INFO[0m [2mdashboard_server[0m[2m:[0m Received broadcast: marksman_pulse
[2m2026-02-01T00:16:44.774157Z[0m [32m INFO[0m [2mdashboard_server[0m[2m:[0m Received broadcast: marksman_pulse
[2m2026-02-01T00:16:44.774332Z[0m [32m INFO[0m [2mdashboard_server[0m[2m:[0m Sending to WebSocket client: 46098 bytes
[2m2026-02-01T00:16:44.774648Z[0m [32m INFO[0m [2mdashboard_server[0m[2m:[0m Received broadcast: marksman_pulse
[2m2026-02-01T00:16:44.774691Z[0m [32m INFO[0m [2mdashboard_server[0m[2m:[0m Sending to WebSocket client: 46098 bytes
[2m2026-02-01T00:16:44.774772Z[0m [32m INFO[0m [2mdashboard_server[0m[2m:[0m Sending to WebSocket client: 46098 bytes
[2m2026-02-01T00:16:44.776550Z[0m [32m INFO[0m [2mdashboard_server[0m[2m:[0m Received broadcast: marksman_pulse
[2m2026-02-01T00:16:44.776733Z[0m [32m INFO[0m [2mdashboard_server[0m[2m:[0m Sending to WebSocket client: 46098 bytes
[2m2026-02-01T00:16:52.301683Z[0m [32m INFO[0m [2mdashboard_server[0m[2m:[0m 📡 Telemetry Push: marksman_pulse
[2m2026-02-01T00:16:52.301969Z[0m [32m INFO[0m [2mdashboard_server[0m[2m:[0m Received broadcast: marksman_pulse
[2m2026-02-01T00:16:52.301989Z[0m [32m INFO[0m [2mdashboard_server[0m[2m:[0m Received broadcast: marksman_pulse
[2m2026-02-01T00:16:52.302088Z[0m [32m INFO[0m [2mdashboard_server[0m[2m:[0m Sending to WebSocket client: 45678 bytes
[2m2026-02-01T00:16:52.302245Z[0m [32m INFO[0m [2mdashboard_server[0m[2m:[0m Received broadcast: marksman_pulse
[2m2026-02-01T00:16:52.302310Z[0m [32m INFO[0m [2mdashboard_server[0m[2m:[0m Received broadcast: marksman_pulse
[2m2026-02-01T00:16:52.302313Z[0m [32m INFO[0m [2mdashboard_server[0m[2m:[0m Sending to WebSocket client: 45678 bytes
[2m2026-02-01T00:16:52.302345Z[0m [32m INFO[0m [2mdashboard_server[0m[2m:[0m Sending to WebSocket client: 45678 bytes
[2m2026-02-01T00:16:52.302437Z[0m [32m INFO[0m [2mdashboard_server[0m[2m:[0m Sending to WebSocket client: 45678 bytes
[2m2026-02-01T00:16:59.943609Z[0m [32m INFO[0m [2mdashboard_server[0m[2m:[0m 📡 Telemetry Push: marksman_pulse
[2m2026-02-01T00:16:59.943922Z[0m [32m INFO[0m [2mdashboard_server[0m[2m:[0m Received broadcast: marksman_pulse
[2m2026-02-01T00:16:59.944042Z[0m [32m INFO[0m [2mdashboard_server[0m[2m:[0m Sending to WebSocket client: 45824 bytes
[2m2026-02-01T00:16:59.944167Z[0m [32m INFO[0m [2mdashboard_server[0m[2m:[0m Received broadcast: marksman_pulse
[2m2026-02-01T00:16:59.944256Z[0m [32m INFO[0m [2mdashboard_server[0m[2m:[0m Sending to WebSocket client: 45824 bytes
[2m2026-02-01T00:16:59.944411Z[0m [32m INFO[0m [2mdashboard_server[0m[2m:[0m Received broadcast: marksman_pulse
[2m2026-02-01T00:16:59.944464Z[0m [32m INFO[0m [2mdashboard_server[0m[2m:[0m Received broadcast: marksman_pulse
[2m2026-02-01T00:16:59.944495Z[0m [32m INFO[0m [2mdashboard_server[0m[2m:[0m Sending to WebSocket client: 45824 bytes
[2m2026-02-01T00:16:59.944578Z[0m [32m INFO[0m [2mdashboard_server[0m[2m:[0m Sending to WebSocket client: 45824 bytes
[2m2026-02-01T00:17:08.307690Z[0m [32m INFO[0m [2mdashboard_server[0m[2m:[0m 📡 Telemetry Push: marksman_pulse
[2m2026-02-01T00:17:08.308693Z[0m [32m INFO[0m [2mdashboard_server[0m[2m:[0m Received broadcast: marksman_pulse
[2m2026-02-01T00:17:08.308795Z[0m [32m INFO[0m [2mdashboard_server[0m[2m:[0m Sending to WebSocket client: 45848 bytes
[2m2026-02-01T00:17:08.308800Z[0m [32m INFO[0m [2mdashboard_server[0m[2m:[0m Received broadcast: marksman_pulse
[2m2026-02-01T00:17:08.309056Z[0m [32m INFO[0m [2mdashboard_server[0m[2m:[0m Received broadcast: marksman_pulse
[2m2026-02-01T00:17:08.309195Z[0m [32m INFO[0m [2mdashboard_server[0m[2m:[0m Received broadcast: marksman_pulse
[2m2026-02-01T00:17:08.310100Z[0m [32m INFO[0m [2mdashboard_server[0m[2m:[0m Sending to WebSocket client: 45848 bytes
[2m2026-02-01T00:17:08.310171Z[0m [32m INFO[0m [2mdashboard_server[0m[2m:[0m Sending to WebSocket client: 45848 bytes
[2m2026-02-01T00:17:08.310874Z[0m [32m INFO[0m [2mdashboard_server[0m[2m:[0m Sending to WebSocket client: 45848 bytes
[2m2026-02-01T00:17:16.134058Z[0m [32m INFO[0m [2mdashboard_server[0m[2m:[0m 📡 Telemetry Push: marksman_pulse
[2m2026-02-01T00:17:16.134351Z[0m [32m INFO[0m [2mdashboard_server[0m[2m:[0m Received broadcast: marksman_pulse
[2m2026-02-01T00:17:16.134371Z[0m [32m INFO[0m [2mdashboard_server[0m[2m:[0m Received broadcast: marksman_pulse
[2m2026-02-01T00:17:16.134450Z[0m [32m INFO[0m [2mdashboard_server[0m[2m:[0m Received broadcast: marksman_pulse
[2m2026-02-01T00:17:16.134462Z[0m [32m INFO[0m [2mdashboard_server[0m[2m:[0m Sending to WebSocket client: 45978 bytes
[2m2026-02-01T00:17:16.134469Z[0m [32m INFO[0m [2mdashboard_server[0m[2m:[0m Sending to WebSocket client: 45978 bytes
[2m2026-02-01T00:17:16.134560Z[0m [32m INFO[0m [2mdashboard_server[0m[2m:[0m Sending to WebSocket client: 45978 bytes
[2m2026-02-01T00:17:16.134604Z[0m [32m INFO[0m [2mdashboard_server[0m[2m:[0m Received broadcast: marksman_pulse
[2m2026-02-01T00:17:16.134809Z[0m [32m INFO[0m [2mdashboard_server[0m[2m:[0m Sending to WebSocket client: 45978 bytes
[2m2026-02-01T00:17:23.851176Z[0m [32m INFO[0m [2mdashboard_server[0m[2m:[0m 📡 Telemetry Push: marksman_pulse
[2m2026-02-01T00:17:23.851418Z[0m [32m INFO[0m [2mdashboard_server[0m[2m:[0m Received broadcast: marksman_pulse
[2m2026-02-01T00:17:23.851485Z[0m [32m INFO[0m [2mdashboard_server[0m[2m:[0m Received broadcast: marksman_pulse
[2m2026-02-01T00:17:23.851516Z[0m [32m INFO[0m [2mdashboard_server[0m[2m:[0m Sending to WebSocket client: 46055 bytes
[2m2026-02-01T00:17:23.851611Z[0m [32m INFO[0m [2mdashboard_server[0m[2m:[0m Received broadcast: marksman_pulse
[2m2026-02-01T00:17:23.851780Z[0m [32m INFO[0m [2mdashboard_server[0m[2m:[0m Sending to WebSocket client: 46055 bytes
[2m2026-02-01T00:17:23.851965Z[0m [32m INFO[0m [2mdashboard_server[0m[2m:[0m Received broadcast: marksman_pulse
[2m2026-02-01T00:17:23.852048Z[0m [32m INFO[0m [2mdashboard_server[0m[2m:[0m Sending to WebSocket client: 46055 bytes
[2m2026-02-01T00:17:23.852057Z[0m [32m INFO[0m [2mdashboard_server[0m[2m:[0m Sending to WebSocket client: 46055 bytes
[2m2026-02-01T00:17:31.608436Z[0m [32m INFO[0m [2mdashboard_server[0m[2m:[0m 📡 Telemetry Push: marksman_pulse
[2m2026-02-01T00:17:31.608698Z[0m [32m INFO[0m [2mdashboard_server[0m[2m:[0m Received broadcast: marksman_pulse
[2m2026-02-01T00:17:31.608761Z[0m [32m INFO[0m [2mdashboard_server[0m[2m:[0m Received broadcast: marksman_pulse
[2m2026-02-01T00:17:31.608788Z[0m [32m INFO[0m [2mdashboard_server[0m[2m:[0m Received broadcast: marksman_pulse
[2m2026-02-01T00:17:31.608865Z[0m [32m INFO[0m [2mdashboard_server[0m[2m:[0m Sending to WebSocket client: 45948 bytes
[2m2026-02-01T00:17:31.608894Z[0m [32m INFO[0m [2mdashboard_server[0m[2m:[0m Sending to WebSocket client: 45948 bytes
[2m2026-02-01T00:17:31.608765Z[0m [32m INFO[0m [2mdashboard_server[0m[2m:[0m Received broadcast: marksman_pulse
[2m2026-02-01T00:17:31.608993Z[0m [32m INFO[0m [2mdashboard_server[0m[2m:[0m Sending to WebSocket client: 45948 bytes
[2m2026-02-01T00:17:31.609594Z[0m [32m INFO[0m [2mdashboard_server[0m[2m:[0m Sending to WebSocket client: 45948 bytes
[2m2026-02-01T00:17:40.712124Z[0m [32m INFO[0m [2mdashboard_server[0m[2m:[0m 📡 Telemetry Push: marksman_pulse
[2m2026-02-01T00:17:40.712287Z[0m [32m INFO[0m [2mdashboard_server[0m[2m:[0m Received broadcast: marksman_pulse
[2m2026-02-01T00:17:40.712339Z[0m [32m INFO[0m [2mdashboard_server[0m[2m:[0m Received broadcast: marksman_pulse
[2m2026-02-01T00:17:40.712546Z[0m [32m INFO[0m [2mdashboard_server[0m[2m:[0m Received broadcast: marksman_pulse
[2m2026-02-01T00:17:40.712545Z[0m [32m INFO[0m [2mdashboard_server[0m[2m:[0m Sending to WebSocket client: 46030 bytes
[2m2026-02-01T00:17:40.712616Z[0m [32m INFO[0m [2mdashboard_server[0m[2m:[0m Sending to WebSocket client: 46030 bytes
[2m2026-02-01T00:17:40.712586Z[0m [32m INFO[0m [2mdashboard_server[0m[2m:[0m Received broadcast: marksman_pulse
[2m2026-02-01T00:17:40.712653Z[0m [32m INFO[0m [2mdashboard_server[0m[2m:[0m Sending to WebSocket client: 46030 bytes
[2m2026-02-01T00:17:40.713006Z[0m [32m INFO[0m [2mdashboard_server[0m[2m:[0m Sending to WebSocket client: 46030 bytes
[2m2026-02-01T00:17:48.271426Z[0m [32m INFO[0m [2mdashboard_server[0m[2m:[0m 📡 Telemetry Push: marksman_pulse
[2m2026-02-01T00:17:48.273236Z[0m [32m INFO[0m [2mdashboard_server[0m[2m:[0m Received broadcast: marksman_pulse
[2m2026-02-01T00:17:48.273279Z[0m [32m INFO[0m [2mdashboard_server[0m[2m:[0m Received broadcast: marksman_pulse
[2m2026-02-01T00:17:48.273336Z[0m [32m INFO[0m [2mdashboard_server[0m[2m:[0m Sending to WebSocket client: 45957 bytes
[2m2026-02-01T00:17:48.273338Z[0m [32m INFO[0m [2mdashboard_server[0m[2m:[0m Received broadcast: marksman_pulse
[2m2026-02-01T00:17:48.273390Z[0m [32m INFO[0m [2mdashboard_server[0m[2m:[0m Sending to WebSocket client: 45957 bytes
[2m2026-02-01T00:17:48.273495Z[0m [32m INFO[0m [2mdashboard_server[0m[2m:[0m Sending to WebSocket client: 45957 bytes
[2m2026-02-01T00:17:48.273569Z[0m [32m INFO[0m [2mdashboard_server[0m[2m:[0m Received broadcast: marksman_pulse
[2m2026-02-01T00:17:48.273668Z[0m [32m INFO[0m [2mdashboard_server[0m[2m:[0m Sending to WebSocket client: 45957 bytes
[2m2026-02-01T00:17:55.885947Z[0m [32m INFO[0m [2mdashboard_server[0m[2m:[0m 📡 Telemetry Push: marksman_pulse
[2m2026-02-01T00:17:55.886136Z[0m [32m INFO[0m [2mdashboard_server[0m[2m:[0m Received broadcast: marksman_pulse
[2m2026-02-01T00:17:55.886178Z[0m [32m INFO[0m [2mdashboard_server[0m[2m:[0m Received broadcast: marksman_pulse
[2m2026-02-01T00:17:55.886280Z[0m [32m INFO[0m [2mdashboard_server[0m[2m:[0m Sending to WebSocket client: 45824 bytes
[2m2026-02-01T00:17:55.886288Z[0m [32m INFO[0m [2mdashboard_server[0m[2m:[0m Received broadcast: marksman_pulse
[2m2026-02-01T00:17:55.886376Z[0m [32m INFO[0m [2mdashboard_server[0m[2m:[0m Sending to WebSocket client: 45824 bytes
[2m2026-02-01T00:17:55.886536Z[0m [32m INFO[0m [2mdashboard_server[0m[2m:[0m Sending to WebSocket client: 45824 bytes
[2m2026-02-01T00:17:55.886576Z[0m [32m INFO[0m [2mdashboard_server[0m[2m:[0m Received broadcast: marksman_pulse
[2m2026-02-01T00:17:55.886674Z[0m [32m INFO[0m [2mdashboard_server[0m[2m:[0m Sending to WebSocket client: 45824 bytes
[2m2026-02-01T00:18:03.452026Z[0m [32m INFO[0m [2mdashboard_server[0m[2m:[0m 📡 Telemetry Push: marksman_pulse
[2m2026-02-01T00:18:03.453733Z[0m [32m INFO[0m [2mdashboard_server[0m[2m:[0m Received broadcast: marksman_pulse
[2m2026-02-01T00:18:03.453835Z[0m [32m INFO[0m [2mdashboard_server[0m[2m:[0m Sending to WebSocket client: 45806 bytes
[2m2026-02-01T00:18:03.454353Z[0m [32m INFO[0m [2mdashboard_server[0m[2m:[0m Received broadcast: marksman_pulse
[2m2026-02-01T00:18:03.454383Z[0m [32m INFO[0m [2mdashboard_server[0m[2m:[0m Received broadcast: marksman_pulse
[2m2026-02-01T00:18:03.454445Z[0m [32m INFO[0m [2mdashboard_server[0m[2m:[0m Sending to WebSocket client: 45806 bytes
[2m2026-02-01T00:18:03.454512Z[0m [32m INFO[0m [2mdashboard_server[0m[2m:[0m Sending to WebSocket client: 45806 bytes
[2m2026-02-01T00:18:03.456343Z[0m [32m INFO[0m [2mdashboard_server[0m[2m:[0m Received broadcast: marksman_pulse
[2m2026-02-01T00:18:03.456434Z[0m [32m INFO[0m [2mdashboard_server[0m[2m:[0m Sending to WebSocket client: 45806 bytes
[2m2026-02-01T00:18:12.096256Z[0m [32m INFO[0m [2mdashboard_server[0m[2m:[0m 📡 Telemetry Push: marksman_pulse
[2m2026-02-01T00:18:12.096714Z[0m [32m INFO[0m [2mdashboard_server[0m[2m:[0m Received broadcast: marksman_pulse
[2m2026-02-01T00:18:12.096797Z[0m [32m INFO[0m [2mdashboard_server[0m[2m:[0m Received broadcast: marksman_pulse
[2m2026-02-01T00:18:12.096839Z[0m [32m INFO[0m [2mdashboard_server[0m[2m:[0m Sending to WebSocket client: 45806 bytes
[2m2026-02-01T00:18:12.096931Z[0m [32m INFO[0m [2mdashboard_server[0m[2m:[0m Sending to WebSocket client: 45806 bytes
[2m2026-02-01T00:18:12.097117Z[0m [32m INFO[0m [2mdashboard_server[0m[2m:[0m Received broadcast: marksman_pulse
[2m2026-02-01T00:18:12.097216Z[0m [32m INFO[0m [2mdashboard_server[0m[2m:[0m Received broadcast: marksman_pulse
[2m2026-02-01T00:18:12.097235Z[0m [32m INFO[0m [2mdashboard_server[0m[2m:[0m Sending to WebSocket client: 45806 bytes
[2m2026-02-01T00:18:12.097869Z[0m [32m INFO[0m [2mdashboard_server[0m[2m:[0m Sending to WebSocket client: 45806 bytes
[2m2026-02-01T00:18:21.875639Z[0m [32m INFO[0m [2mdashboard_server[0m[2m:[0m 📡 Telemetry Push: marksman_pulse
[2m2026-02-01T00:18:21.878395Z[0m [32m INFO[0m [2mdashboard_server[0m[2m:[0m Received broadcast: marksman_pulse
[2m2026-02-01T00:18:21.878523Z[0m [32m INFO[0m [2mdashboard_server[0m[2m:[0m Received broadcast: marksman_pulse
[2m2026-02-01T00:18:21.878529Z[0m [32m INFO[0m [2mdashboard_server[0m[2m:[0m Sending to WebSocket client: 45900 bytes
[2m2026-02-01T00:18:21.878652Z[0m [32m INFO[0m [2mdashboard_server[0m[2m:[0m Sending to WebSocket client: 45900 bytes
[2m2026-02-01T00:18:21.878867Z[0m [32m INFO[0m [2mdashboard_server[0m[2m:[0m Received broadcast: marksman_pulse
[2m2026-02-01T00:18:21.878970Z[0m [32m INFO[0m [2mdashboard_server[0m[2m:[0m Sending to WebSocket client: 45900 bytes
[2m2026-02-01T00:18:21.879027Z[0m [32m INFO[0m [2mdashboard_server[0m[2m:[0m Received broadcast: marksman_pulse
[2m2026-02-01T00:18:21.879135Z[0m [32m INFO[0m [2mdashboard_server[0m[2m:[0m Sending to WebSocket client: 45900 bytes
[2m2026-02-01T00:18:29.321097Z[0m [32m INFO[0m [2mdashboard_server[0m[2m:[0m 📡 Telemetry Push: marksman_pulse
[2m2026-02-01T00:18:29.321416Z[0m [32m INFO[0m [2mdashboard_server[0m[2m:[0m Received broadcast: marksman_pulse
[2m2026-02-01T00:18:29.321512Z[0m [32m INFO[0m [2mdashboard_server[0m[2m:[0m Received broadcast: marksman_pulse
[2m2026-02-01T00:18:29.321514Z[0m [32m INFO[0m [2mdashboard_server[0m[2m:[0m Sending to WebSocket client: 46131 bytes
[2m2026-02-01T00:18:29.321552Z[0m [32m INFO[0m [2mdashboard_server[0m[2m:[0m Received broadcast: marksman_pulse
[2m2026-02-01T00:18:29.321571Z[0m [32m INFO[0m [2mdashboard_server[0m[2m:[0m Received broadcast: marksman_pulse
[2m2026-02-01T00:18:29.321772Z[0m [32m INFO[0m [2mdashboard_server[0m[2m:[0m Sending to WebSocket client: 46131 bytes
[2m2026-02-01T00:18:29.321842Z[0m [32m INFO[0m [2mdashboard_server[0m[2m:[0m Sending to WebSocket client: 46131 bytes
[2m2026-02-01T00:18:29.321842Z[0m [32m INFO[0m [2mdashboard_server[0m[2m:[0m Sending to WebSocket client: 46131 bytes
[2m2026-02-01T00:18:36.711352Z[0m [32m INFO[0m [2mdashboard_server[0m[2m:[0m 📡 Telemetry Push: marksman_pulse
[2m2026-02-01T00:18:36.711660Z[0m [32m INFO[0m [2mdashboard_server[0m[2m:[0m Received broadcast: marksman_pulse
[2m2026-02-01T00:18:36.711743Z[0m [32m INFO[0m [2mdashboard_server[0m[2m:[0m Received broadcast: marksman_pulse
[2m2026-02-01T00:18:36.711782Z[0m [32m INFO[0m [2mdashboard_server[0m[2m:[0m Sending to WebSocket client: 45824 bytes
[2m2026-02-01T00:18:36.711867Z[0m [32m INFO[0m [2mdashboard_server[0m[2m:[0m Sending to WebSocket client: 45824 bytes
[2m2026-02-01T00:18:36.712120Z[0m [32m INFO[0m [2mdashboard_server[0m[2m:[0m Received broadcast: marksman_pulse
[2m2026-02-01T00:18:36.712260Z[0m [32m INFO[0m [2mdashboard_server[0m[2m:[0m Sending to WebSocket client: 45824 bytes
[2m2026-02-01T00:18:36.712370Z[0m [32m INFO[0m [2mdashboard_server[0m[2m:[0m Received broadcast: marksman_pulse
[2m2026-02-01T00:18:36.712487Z[0m [32m INFO[0m [2mdashboard_server[0m[2m:[0m Sending to WebSocket client: 45824 bytes
[2m2026-02-01T00:18:44.485028Z[0m [32m INFO[0m [2mdashboard_server[0m[2m:[0m 📡 Telemetry Push: marksman_pulse
[2m2026-02-01T00:18:44.485272Z[0m [32m INFO[0m [2mdashboard_server[0m[2m:[0m Received broadcast: marksman_pulse
[2m2026-02-01T00:18:44.485385Z[0m [32m INFO[0m [2mdashboard_server[0m[2m:[0m Sending to WebSocket client: 45798 bytes
[2m2026-02-01T00:18:44.485608Z[0m [32m INFO[0m [2mdashboard_server[0m[2m:[0m Received broadcast: marksman_pulse
[2m2026-02-01T00:18:44.485626Z[0m [32m INFO[0m [2mdashboard_server[0m[2m:[0m Received broadcast: marksman_pulse
[2m2026-02-01T00:18:44.485706Z[0m [32m INFO[0m [2mdashboard_server[0m[2m:[0m Sending to WebSocket client: 45798 bytes
[2m2026-02-01T00:18:44.485723Z[0m [32m INFO[0m [2mdashboard_server[0m[2m:[0m Sending to WebSocket client: 45798 bytes
[2m2026-02-01T00:18:44.485995Z[0m [32m INFO[0m [2mdashboard_server[0m[2m:[0m Received broadcast: marksman_pulse
[2m2026-02-01T00:18:44.486077Z[0m [32m INFO[0m [2mdashboard_server[0m[2m:[0m Sending to WebSocket client: 45798 bytes
[2m2026-02-01T00:18:51.907897Z[0m [32m INFO[0m [2mdashboard_server[0m[2m:[0m 📡 Telemetry Push: marksman_pulse
[2m2026-02-01T00:18:51.908204Z[0m [32m INFO[0m [2mdashboard_server[0m[2m:[0m Received broadcast: marksman_pulse
[2m2026-02-01T00:18:51.908269Z[0m [32m INFO[0m [2mdashboard_server[0m[2m:[0m Received broadcast: marksman_pulse
[2m2026-02-01T00:18:51.908394Z[0m [32m INFO[0m [2mdashboard_server[0m[2m:[0m Sending to WebSocket client: 45961 bytes
[2m2026-02-01T00:18:51.908513Z[0m [32m INFO[0m [2mdashboard_server[0m[2m:[0m Received broadcast: marksman_pulse
[2m2026-02-01T00:18:51.908560Z[0m [32m INFO[0m [2mdashboard_server[0m[2m:[0m Sending to WebSocket client: 45961 bytes
[2m2026-02-01T00:18:51.908605Z[0m [32m INFO[0m [2mdashboard_server[0m[2m:[0m Sending to WebSocket client: 45961 bytes
[2m2026-02-01T00:18:51.908721Z[0m [32m INFO[0m [2mdashboard_server[0m[2m:[0m Received broadcast: marksman_pulse
[2m2026-02-01T00:18:51.908812Z[0m [32m INFO[0m [2mdashboard_server[0m[2m:[0m Sending to WebSocket client: 45961 bytes
[2m2026-02-01T00:18:59.328089Z[0m [32m INFO[0m [2mdashboard_server[0m[2m:[0m 📡 Telemetry Push: marksman_pulse
[2m2026-02-01T00:18:59.328604Z[0m [32m INFO[0m [2mdashboard_server[0m[2m:[0m Received broadcast: marksman_pulse
[2m2026-02-01T00:18:59.328615Z[0m [32m INFO[0m [2mdashboard_server[0m[2m:[0m Received broadcast: marksman_pulse
[2m2026-02-01T00:18:59.328666Z[0m [32m INFO[0m [2mdashboard_server[0m[2m:[0m Received broadcast: marksman_pulse
[2m2026-02-01T00:18:59.328757Z[0m [32m INFO[0m [2mdashboard_server[0m[2m:[0m Received broadcast: marksman_pulse
[2m2026-02-01T00:18:59.328810Z[0m [32m INFO[0m [2mdashboard_server[0m[2m:[0m Sending to WebSocket client: 46084 bytes
[2m2026-02-01T00:18:59.328826Z[0m [32m INFO[0m [2mdashboard_server[0m[2m:[0m Sending to WebSocket client: 46084 bytes
[2m2026-02-01T00:18:59.329186Z[0m [32m INFO[0m [2mdashboard_server[0m[2m:[0m Sending to WebSocket client: 46084 bytes
[2m2026-02-01T00:18:59.329226Z[0m [32m INFO[0m [2mdashboard_server[0m[2m:[0m Sending to WebSocket client: 46084 bytes
[2m2026-02-01T00:19:06.739736Z[0m [32m INFO[0m [2mdashboard_server[0m[2m:[0m 📡 Telemetry Push: marksman_pulse
[2m2026-02-01T00:19:06.739916Z[0m [32m INFO[0m [2mdashboard_server[0m[2m:[0m Received broadcast: marksman_pulse
[2m2026-02-01T00:19:06.739975Z[0m [32m INFO[0m [2mdashboard_server[0m[2m:[0m Received broadcast: marksman_pulse
[2m2026-02-01T00:19:06.740014Z[0m [32m INFO[0m [2mdashboard_server[0m[2m:[0m Sending to WebSocket client: 45992 bytes
[2m2026-02-01T00:19:06.740077Z[0m [32m INFO[0m [2mdashboard_server[0m[2m:[0m Received broadcast: marksman_pulse
[2m2026-02-01T00:19:06.740097Z[0m [32m INFO[0m [2mdashboard_server[0m[2m:[0m Sending to WebSocket client: 45992 bytes
[2m2026-02-01T00:19:06.740158Z[0m [32m INFO[0m [2mdashboard_server[0m[2m:[0m Sending to WebSocket client: 45992 bytes
[2m2026-02-01T00:19:06.740338Z[0m [32m INFO[0m [2mdashboard_server[0m[2m:[0m Received broadcast: marksman_pulse
[2m2026-02-01T00:19:06.740419Z[0m [32m INFO[0m [2mdashboard_server[0m[2m:[0m Sending to WebSocket client: 45992 bytes
[2m2026-02-01T00:19:14.276629Z[0m [32m INFO[0m [2mdashboard_server[0m[2m:[0m 📡 Telemetry Push: marksman_pulse
[2m2026-02-01T00:19:14.276822Z[0m [32m INFO[0m [2mdashboard_server[0m[2m:[0m Received broadcast: marksman_pulse
[2m2026-02-01T00:19:14.276929Z[0m [32m INFO[0m [2mdashboard_server[0m[2m:[0m Sending to WebSocket client: 46018 bytes
[2m2026-02-01T00:19:14.277397Z[0m [32m INFO[0m [2mdashboard_server[0m[2m:[0m Received broadcast: marksman_pulse
[2m2026-02-01T00:19:14.277532Z[0m [32m INFO[0m [2mdashboard_server[0m[2m:[0m Sending to WebSocket client: 46018 bytes
[2m2026-02-01T00:19:14.277881Z[0m [32m INFO[0m [2mdashboard_server[0m[2m:[0m Received broadcast: marksman_pulse
[2m2026-02-01T00:19:14.277992Z[0m [32m INFO[0m [2mdashboard_server[0m[2m:[0m Sending to WebSocket client: 46018 bytes
[2m2026-02-01T00:19:14.278153Z[0m [32m INFO[0m [2mdashboard_server[0m[2m:[0m Received broadcast: marksman_pulse
[2m2026-02-01T00:19:14.278307Z[0m [32m INFO[0m [2mdashboard_server[0m[2m:[0m Sending to WebSocket client: 46018 bytes
[2m2026-02-01T00:19:21.754363Z[0m [32m INFO[0m [2mdashboard_server[0m[2m:[0m 📡 Telemetry Push: marksman_pulse
[2m2026-02-01T00:19:21.754709Z[0m [32m INFO[0m [2mdashboard_server[0m[2m:[0m Received broadcast: marksman_pulse
[2m2026-02-01T00:19:21.754733Z[0m [32m INFO[0m [2mdashboard_server[0m[2m:[0m Received broadcast: marksman_pulse
[2m2026-02-01T00:19:21.754779Z[0m [32m INFO[0m [2mdashboard_server[0m[2m:[0m Received broadcast: marksman_pulse
[2m2026-02-01T00:19:21.754803Z[0m [32m INFO[0m [2mdashboard_server[0m[2m:[0m Received broadcast: marksman_pulse
[2m2026-02-01T00:19:21.754886Z[0m [32m INFO[0m [2mdashboard_server[0m[2m:[0m Sending to WebSocket client: 46012 bytes
[2m2026-02-01T00:19:21.754914Z[0m [32m INFO[0m [2mdashboard_server[0m[2m:[0m Sending to WebSocket client: 46012 bytes
[2m2026-02-01T00:19:21.754976Z[0m [32m INFO[0m [2mdashboard_server[0m[2m:[0m Sending to WebSocket client: 46012 bytes
[2m2026-02-01T00:19:21.755050Z[0m [32m INFO[0m [2mdashboard_server[0m[2m:[0m Sending to WebSocket client: 46012 bytes
[2m2026-02-01T00:19:29.097265Z[0m [32m INFO[0m [2mdashboard_server[0m[2m:[0m 📡 Telemetry Push: marksman_pulse
[2m2026-02-01T00:19:29.097523Z[0m [32m INFO[0m [2mdashboard_server[0m[2m:[0m Received broadcast: marksman_pulse
[2m2026-02-01T00:19:29.097564Z[0m [32m INFO[0m [2mdashboard_server[0m[2m:[0m Received broadcast: marksman_pulse
[2m2026-02-01T00:19:29.097669Z[0m [32m INFO[0m [2mdashboard_server[0m[2m:[0m Sending to WebSocket client: 45940 bytes
[2m2026-02-01T00:19:29.097693Z[0m [32m INFO[0m [2mdashboard_server[0m[2m:[0m Sending to WebSocket client: 45940 bytes
[2m2026-02-01T00:19:29.097911Z[0m [32m INFO[0m [2mdashboard_server[0m[2m:[0m Received broadcast: marksman_pulse
[2m2026-02-01T00:19:29.097964Z[0m [32m INFO[0m [2mdashboard_server[0m[2m:[0m Received broadcast: marksman_pulse
[2m2026-02-01T00:19:29.098014Z[0m [32m INFO[0m [2mdashboard_server[0m[2m:[0m Sending to WebSocket client: 45940 bytes
[2m2026-02-01T00:19:29.098047Z[0m [32m INFO[0m [2mdashboard_server[0m[2m:[0m Sending to WebSocket client: 45940 bytes
[2m2026-02-01T00:19:36.587891Z[0m [32m INFO[0m [2mdashboard_server[0m[2m:[0m 📡 Telemetry Push: marksman_pulse
[2m2026-02-01T00:19:36.587995Z[0m [32m INFO[0m [2mdashboard_server[0m[2m:[0m Received broadcast: marksman_pulse
[2m2026-02-01T00:19:36.588047Z[0m [32m INFO[0m [2mdashboard_server[0m[2m:[0m Received broadcast: marksman_pulse
[2m2026-02-01T00:19:36.588091Z[0m [32m INFO[0m [2mdashboard_server[0m[2m:[0m Sending to WebSocket client: 46160 bytes
[2m2026-02-01T00:19:36.588174Z[0m [32m INFO[0m [2mdashboard_server[0m[2m:[0m Sending to WebSocket client: 46160 bytes
[2m2026-02-01T00:19:36.588346Z[0m [32m INFO[0m [2mdashboard_server[0m[2m:[0m Received broadcast: marksman_pulse
[2m2026-02-01T00:19:36.588368Z[0m [32m INFO[0m [2mdashboard_server[0m[2m:[0m Received broadcast: marksman_pulse
[2m2026-02-01T00:19:36.588428Z[0m [32m INFO[0m [2mdashboard_server[0m[2m:[0m Sending to WebSocket client: 46160 bytes
[2m2026-02-01T00:19:36.588454Z[0m [32m INFO[0m [2mdashboard_server[0m[2m:[0m Sending to WebSocket client: 46160 bytes
[2m2026-02-01T00:19:43.970412Z[0m [32m INFO[0m [2mdashboard_server[0m[2m:[0m 📡 Telemetry Push: marksman_pulse
[2m2026-02-01T00:19:43.970564Z[0m [32m INFO[0m [2mdashboard_server[0m[2m:[0m Received broadcast: marksman_pulse
[2m2026-02-01T00:19:43.970619Z[0m [32m INFO[0m [2mdashboard_server[0m[2m:[0m Received broadcast: marksman_pulse
[2m2026-02-01T00:19:43.970637Z[0m [32m INFO[0m [2mdashboard_server[0m[2m:[0m Received broadcast: marksman_pulse
[2m2026-02-01T00:19:43.970692Z[0m [32m INFO[0m [2mdashboard_server[0m[2m:[0m Sending to WebSocket client: 46107 bytes
[2m2026-02-01T00:19:43.970727Z[0m [32m INFO[0m [2mdashboard_server[0m[2m:[0m Sending to WebSocket client: 46107 bytes
[2m2026-02-01T00:19:43.970735Z[0m [32m INFO[0m [2mdashboard_server[0m[2m:[0m Sending to WebSocket client: 46107 bytes
[2m2026-02-01T00:19:43.970987Z[0m [32m INFO[0m [2mdashboard_server[0m[2m:[0m Received broadcast: marksman_pulse
[2m2026-02-01T00:19:43.971485Z[0m [32m INFO[0m [2mdashboard_server[0m[2m:[0m Sending to WebSocket client: 46107 bytes
[2m2026-02-01T00:19:51.369732Z[0m [32m INFO[0m [2mdashboard_server[0m[2m:[0m 📡 Telemetry Push: marksman_pulse
[2m2026-02-01T00:19:51.369871Z[0m [32m INFO[0m [2mdashboard_server[0m[2m:[0m Received broadcast: marksman_pulse
[2m2026-02-01T00:19:51.369975Z[0m [32m INFO[0m [2mdashboard_server[0m[2m:[0m Sending to WebSocket client: 46111 bytes
[2m2026-02-01T00:19:51.370046Z[0m [32m INFO[0m [2mdashboard_server[0m[2m:[0m Received broadcast: marksman_pulse
[2m2026-02-01T00:19:51.370130Z[0m [32m INFO[0m [2mdashboard_server[0m[2m:[0m Sending to WebSocket client: 46111 bytes
[2m2026-02-01T00:19:51.370150Z[0m [32m INFO[0m [2mdashboard_server[0m[2m:[0m Received broadcast: marksman_pulse
[2m2026-02-01T00:19:51.370226Z[0m [32m INFO[0m [2mdashboard_server[0m[2m:[0m Received broadcast: marksman_pulse
[2m2026-02-01T00:19:51.370357Z[0m [32m INFO[0m [2mdashboard_server[0m[2m:[0m Sending to WebSocket client: 46111 bytes
[2m2026-02-01T00:19:51.370396Z[0m [32m INFO[0m [2mdashboard_server[0m[2m:[0m Sending to WebSocket client: 46111 bytes
[2m2026-02-01T00:19:59.023666Z[0m [32m INFO[0m [2mdashboard_server[0m[2m:[0m 📡 Telemetry Push: marksman_pulse
[2m2026-02-01T00:19:59.024393Z[0m [32m INFO[0m [2mdashboard_server[0m[2m:[0m Received broadcast: marksman_pulse
[2m2026-02-01T00:19:59.024453Z[0m [32m INFO[0m [2mdashboard_server[0m[2m:[0m Received broadcast: marksman_pulse
[2m2026-02-01T00:19:59.024545Z[0m [32m INFO[0m [2mdashboard_server[0m[2m:[0m Received broadcast: marksman_pulse
[2m2026-02-01T00:19:59.024631Z[0m [32m INFO[0m [2mdashboard_server[0m[2m:[0m Received broadcast: marksman_pulse
[2m2026-02-01T00:19:59.024846Z[0m [32m INFO[0m [2mdashboard_server[0m[2m:[0m Sending to WebSocket client: 46083 bytes
[2m2026-02-01T00:19:59.024905Z[0m [32m INFO[0m [2mdashboard_server[0m[2m:[0m Sending to WebSocket client: 46083 bytes
[2m2026-02-01T00:19:59.024876Z[0m [32m INFO[0m [2mdashboard_server[0m[2m:[0m Sending to WebSocket client: 46083 bytes
[2m2026-02-01T00:19:59.024908Z[0m [32m INFO[0m [2mdashboard_server[0m[2m:[0m Sending to WebSocket client: 46083 bytes
[2m2026-02-01T00:20:06.479956Z[0m [32m INFO[0m [2mdashboard_server[0m[2m:[0m 📡 Telemetry Push: marksman_pulse
[2m2026-02-01T00:20:06.483999Z[0m [32m INFO[0m [2mdashboard_server[0m[2m:[0m Received broadcast: marksman_pulse
[2m2026-02-01T00:20:06.484094Z[0m [32m INFO[0m [2mdashboard_server[0m[2m:[0m Sending to WebSocket client: 46047 bytes
[2m2026-02-01T00:20:06.484336Z[0m [32m INFO[0m [2mdashboard_server[0m[2m:[0m Received broadcast: marksman_pulse
[2m2026-02-01T00:20:06.484468Z[0m [32m INFO[0m [2mdashboard_server[0m[2m:[0m Received broadcast: marksman_pulse
[2m2026-02-01T00:20:06.484491Z[0m [32m INFO[0m [2mdashboard_server[0m[2m:[0m Sending to WebSocket client: 46047 bytes
[2m2026-02-01T00:20:06.484650Z[0m [32m INFO[0m [2mdashboard_server[0m[2m:[0m Received broadcast: marksman_pulse
[2m2026-02-01T00:20:06.484735Z[0m [32m INFO[0m [2mdashboard_server[0m[2m:[0m Sending to WebSocket client: 46047 bytes
[2m2026-02-01T00:20:06.485365Z[0m [32m INFO[0m [2mdashboard_server[0m[2m:[0m Sending to WebSocket client: 46047 bytes
[2m2026-02-01T00:20:14.033928Z[0m [32m INFO[0m [2mdashboard_server[0m[2m:[0m 📡 Telemetry Push: marksman_pulse
[2m2026-02-01T00:20:14.034270Z[0m [32m INFO[0m [2mdashboard_server[0m[2m:[0m Received broadcast: marksman_pulse
[2m2026-02-01T00:20:14.034373Z[0m [32m INFO[0m [2mdashboard_server[0m[2m:[0m Received broadcast: marksman_pulse
[2m2026-02-01T00:20:14.034401Z[0m [32m INFO[0m [2mdashboard_server[0m[2m:[0m Sending to WebSocket client: 45807 bytes
[2m2026-02-01T00:20:14.034490Z[0m [32m INFO[0m [2mdashboard_server[0m[2m:[0m Sending to WebSocket client: 45807 bytes
[2m2026-02-01T00:20:14.034540Z[0m [32m INFO[0m [2mdashboard_server[0m[2m:[0m Received broadcast: marksman_pulse
[2m2026-02-01T00:20:14.034592Z[0m [32m INFO[0m [2mdashboard_server[0m[2m:[0m Received broadcast: marksman_pulse
[2m2026-02-01T00:20:14.034636Z[0m [32m INFO[0m [2mdashboard_server[0m[2m:[0m Sending to WebSocket client: 45807 bytes
[2m2026-02-01T00:20:14.034691Z[0m [32m INFO[0m [2mdashboard_server[0m[2m:[0m Sending to WebSocket client: 45807 bytes
[2m2026-02-01T00:20:21.401197Z[0m [32m INFO[0m [2mdashboard_server[0m[2m:[0m 📡 Telemetry Push: marksman_pulse
[2m2026-02-01T00:20:21.401366Z[0m [32m INFO[0m [2mdashboard_server[0m[2m:[0m Received broadcast: marksman_pulse
[2m2026-02-01T00:20:21.401390Z[0m [32m INFO[0m [2mdashboard_server[0m[2m:[0m Received broadcast: marksman_pulse
[2m2026-02-01T00:20:21.401488Z[0m [32m INFO[0m [2mdashboard_server[0m[2m:[0m Sending to WebSocket client: 45996 bytes
[2m2026-02-01T00:20:21.401492Z[0m [32m INFO[0m [2mdashboard_server[0m[2m:[0m Sending to WebSocket client: 45996 bytes
[2m2026-02-01T00:20:21.401560Z[0m [32m INFO[0m [2mdashboard_server[0m[2m:[0m Received broadcast: marksman_pulse
[2m2026-02-01T00:20:21.401536Z[0m [32m INFO[0m [2mdashboard_server[0m[2m:[0m Received broadcast: marksman_pulse
[2m2026-02-01T00:20:21.401653Z[0m [32m INFO[0m [2mdashboard_server[0m[2m:[0m Sending to WebSocket client: 45996 bytes
[2m2026-02-01T00:20:21.401709Z[0m [32m INFO[0m [2mdashboard_server[0m[2m:[0m Sending to WebSocket client: 45996 bytes
[2m2026-02-01T00:20:28.513393Z[0m [32m INFO[0m [2mdashboard_server[0m[2m:[0m 📡 Telemetry Push: marksman_pulse
[2m2026-02-01T00:20:28.513558Z[0m [32m INFO[0m [2mdashboard_server[0m[2m:[0m Received broadcast: marksman_pulse
[2m2026-02-01T00:20:28.513622Z[0m [32m INFO[0m [2mdashboard_server[0m[2m:[0m Received broadcast: marksman_pulse
[2m2026-02-01T00:20:28.513688Z[0m [32m INFO[0m [2mdashboard_server[0m[2m:[0m Received broadcast: marksman_pulse
[2m2026-02-01T00:20:28.513738Z[0m [32m INFO[0m [2mdashboard_server[0m[2m:[0m Sending to WebSocket client: 45853 bytes
[2m2026-02-01T00:20:28.513740Z[0m [32m INFO[0m [2mdashboard_server[0m[2m:[0m Sending to WebSocket client: 45853 bytes
[2m2026-02-01T00:20:28.513766Z[0m [32m INFO[0m [2mdashboard_server[0m[2m:[0m Received broadcast: marksman_pulse
[2m2026-02-01T00:20:28.513837Z[0m [32m INFO[0m [2mdashboard_server[0m[2m:[0m Sending to WebSocket client: 45853 bytes
[2m2026-02-01T00:20:28.513920Z[0m [32m INFO[0m [2mdashboard_server[0m[2m:[0m Sending to WebSocket client: 45853 bytes
[2m2026-02-01T00:20:35.937487Z[0m [32m INFO[0m [2mdashboard_server[0m[2m:[0m 📡 Telemetry Push: marksman_pulse
[2m2026-02-01T00:20:35.938640Z[0m [32m INFO[0m [2mdashboard_server[0m[2m:[0m Received broadcast: marksman_pulse
[2m2026-02-01T00:20:35.939427Z[0m [32m INFO[0m [2mdashboard_server[0m[2m:[0m Received broadcast: marksman_pulse
[2m2026-02-01T00:20:35.939570Z[0m [32m INFO[0m [2mdashboard_server[0m[2m:[0m Received broadcast: marksman_pulse
[2m2026-02-01T00:20:35.939466Z[0m [32m INFO[0m [2mdashboard_server[0m[2m:[0m Received broadcast: marksman_pulse
[2m2026-02-01T00:20:35.939673Z[0m [32m INFO[0m [2mdashboard_server[0m[2m:[0m Sending to WebSocket client: 45955 bytes
[2m2026-02-01T00:20:35.939747Z[0m [32m INFO[0m [2mdashboard_server[0m[2m:[0m Sending to WebSocket client: 45955 bytes
[2m2026-02-01T00:20:35.939882Z[0m [32m INFO[0m [2mdashboard_server[0m[2m:[0m Sending to WebSocket client: 45955 bytes
[2m2026-02-01T00:20:35.940342Z[0m [32m INFO[0m [2mdashboard_server[0m[2m:[0m Sending to WebSocket client: 45955 bytes
[2m2026-02-01T00:20:46.009561Z[0m [32m INFO[0m [2mdashboard_server[0m[2m:[0m 📡 Telemetry Push: marksman_pulse
[2m2026-02-01T00:20:46.010380Z[0m [32m INFO[0m [2mdashboard_server[0m[2m:[0m Received broadcast: marksman_pulse
[2m2026-02-01T00:20:46.010436Z[0m [32m INFO[0m [2mdashboard_server[0m[2m:[0m Received broadcast: marksman_pulse
[2m2026-02-01T00:20:46.010658Z[0m [32m INFO[0m [2mdashboard_server[0m[2m:[0m Received broadcast: marksman_pulse
[2m2026-02-01T00:20:46.011230Z[0m [32m INFO[0m [2mdashboard_server[0m[2m:[0m Received broadcast: marksman_pulse
[2m2026-02-01T00:20:46.011335Z[0m [32m INFO[0m [2mdashboard_server[0m[2m:[0m Sending to WebSocket client: 45852 bytes
[2m2026-02-01T00:20:46.012058Z[0m [32m INFO[0m [2mdashboard_server[0m[2m:[0m Sending to WebSocket client: 45852 bytes
[2m2026-02-01T00:20:46.014169Z[0m [32m INFO[0m [2mdashboard_server[0m[2m:[0m Sending to WebSocket client: 45852 bytes
[2m2026-02-01T00:20:46.014567Z[0m [32m INFO[0m [2mdashboard_server[0m[2m:[0m Sending to WebSocket client: 45852 bytes
[2m2026-02-01T00:20:54.068500Z[0m [32m INFO[0m [2mdashboard_server[0m[2m:[0m 📡 Telemetry Push: marksman_pulse
[2m2026-02-01T00:20:54.068952Z[0m [32m INFO[0m [2mdashboard_server[0m[2m:[0m Received broadcast: marksman_pulse
[2m2026-02-01T00:20:54.068995Z[0m [32m INFO[0m [2mdashboard_server[0m[2m:[0m Received broadcast: marksman_pulse
[2m2026-02-01T00:20:54.069069Z[0m [32m INFO[0m [2mdashboard_server[0m[2m:[0m Received broadcast: marksman_pulse
[2m2026-02-01T00:20:54.069095Z[0m [32m INFO[0m [2mdashboard_server[0m[2m:[0m Sending to WebSocket client: 46021 bytes
[2m2026-02-01T00:20:54.069118Z[0m [32m INFO[0m [2mdashboard_server[0m[2m:[0m Sending to WebSocket client: 46021 bytes
[2m2026-02-01T00:20:54.069371Z[0m [32m INFO[0m [2mdashboard_server[0m[2m:[0m Sending to WebSocket client: 46021 bytes
[2m2026-02-01T00:20:54.069422Z[0m [32m INFO[0m [2mdashboard_server[0m[2m:[0m Received broadcast: marksman_pulse
[2m2026-02-01T00:20:54.069510Z[0m [32m INFO[0m [2mdashboard_server[0m[2m:[0m Sending to WebSocket client: 46021 bytes
[2m2026-02-01T00:21:01.653106Z[0m [32m INFO[0m [2mdashboard_server[0m[2m:[0m 📡 Telemetry Push: marksman_pulse
[2m2026-02-01T00:21:01.653358Z[0m [32m INFO[0m [2mdashboard_server[0m[2m:[0m Received broadcast: marksman_pulse
[2m2026-02-01T00:21:01.653395Z[0m [32m INFO[0m [2mdashboard_server[0m[2m:[0m Received broadcast: marksman_pulse
[2m2026-02-01T00:21:01.653453Z[0m [32m INFO[0m [2mdashboard_server[0m[2m:[0m Sending to WebSocket client: 46052 bytes
[2m2026-02-01T00:21:01.653511Z[0m [32m INFO[0m [2mdashboard_server[0m[2m:[0m Sending to WebSocket client: 46052 bytes
[2m2026-02-01T00:21:01.653582Z[0m [32m INFO[0m [2mdashboard_server[0m[2m:[0m Received broadcast: marksman_pulse
[2m2026-02-01T00:21:01.653613Z[0m [32m INFO[0m [2mdashboard_server[0m[2m:[0m Received broadcast: marksman_pulse
[2m2026-02-01T00:21:01.653692Z[0m [32m INFO[0m [2mdashboard_server[0m[2m:[0m Sending to WebSocket client: 46052 bytes
[2m2026-02-01T00:21:01.653716Z[0m [32m INFO[0m [2mdashboard_server[0m[2m:[0m Sending to WebSocket client: 46052 bytes
[2m2026-02-01T00:21:09.505257Z[0m [32m INFO[0m [2mdashboard_server[0m[2m:[0m 📡 Telemetry Push: marksman_pulse
[2m2026-02-01T00:21:09.506541Z[0m [32m INFO[0m [2mdashboard_server[0m[2m:[0m Received broadcast: marksman_pulse
[2m2026-02-01T00:21:09.507035Z[0m [32m INFO[0m [2mdashboard_server[0m[2m:[0m Received broadcast: marksman_pulse
[2m2026-02-01T00:21:09.507532Z[0m [32m INFO[0m [2mdashboard_server[0m[2m:[0m Sending to WebSocket client: 46111 bytes
[2m2026-02-01T00:21:09.507651Z[0m [32m INFO[0m [2mdashboard_server[0m[2m:[0m Received broadcast: marksman_pulse
[2m2026-02-01T00:21:09.507820Z[0m [32m INFO[0m [2mdashboard_server[0m[2m:[0m Received broadcast: marksman_pulse
[2m2026-02-01T00:21:09.507879Z[0m [32m INFO[0m [2mdashboard_server[0m[2m:[0m Sending to WebSocket client: 46111 bytes
[2m2026-02-01T00:21:09.508106Z[0m [32m INFO[0m [2mdashboard_server[0m[2m:[0m Sending to WebSocket client: 46111 bytes
[2m2026-02-01T00:21:09.508217Z[0m [32m INFO[0m [2mdashboard_server[0m[2m:[0m Sending to WebSocket client: 46111 bytes
[2m2026-02-01T00:21:16.906935Z[0m [32m INFO[0m [2mdashboard_server[0m[2m:[0m 📡 Telemetry Push: marksman_pulse
[2m2026-02-01T00:21:16.907213Z[0m [32m INFO[0m [2mdashboard_server[0m[2m:[0m Received broadcast: marksman_pulse
[2m2026-02-01T00:21:16.907328Z[0m [32m INFO[0m [2mdashboard_server[0m[2m:[0m Sending to WebSocket client: 45957 bytes
[2m2026-02-01T00:21:16.907343Z[0m [32m INFO[0m [2mdashboard_server[0m[2m:[0m Received broadcast: marksman_pulse
[2m2026-02-01T00:21:16.907460Z[0m [32m INFO[0m [2mdashboard_server[0m[2m:[0m Sending to WebSocket client: 45957 bytes
[2m2026-02-01T00:21:16.907475Z[0m [32m INFO[0m [2mdashboard_server[0m[2m:[0m Received broadcast: marksman_pulse
[2m2026-02-01T00:21:16.907524Z[0m [32m INFO[0m [2mdashboard_server[0m[2m:[0m Received broadcast: marksman_pulse
[2m2026-02-01T00:21:16.907605Z[0m [32m INFO[0m [2mdashboard_server[0m[2m:[0m Sending to WebSocket client: 45957 bytes
[2m2026-02-01T00:21:16.907618Z[0m [32m INFO[0m [2mdashboard_server[0m[2m:[0m Sending to WebSocket client: 45957 bytes
[2m2026-02-01T00:21:24.385388Z[0m [32m INFO[0m [2mdashboard_server[0m[2m:[0m 📡 Telemetry Push: marksman_pulse
[2m2026-02-01T00:21:24.385649Z[0m [32m INFO[0m [2mdashboard_server[0m[2m:[0m Received broadcast: marksman_pulse
[2m2026-02-01T00:21:24.385741Z[0m [32m INFO[0m [2mdashboard_server[0m[2m:[0m Received broadcast: marksman_pulse
[2m2026-02-01T00:21:24.385763Z[0m [32m INFO[0m [2mdashboard_server[0m[2m:[0m Sending to WebSocket client: 46044 bytes
[2m2026-02-01T00:21:24.385854Z[0m [32m INFO[0m [2mdashboard_server[0m[2m:[0m Sending to WebSocket client: 46044 bytes
[2m2026-02-01T00:21:24.386050Z[0m [32m INFO[0m [2mdashboard_server[0m[2m:[0m Received broadcast: marksman_pulse
[2m2026-02-01T00:21:24.386069Z[0m [32m INFO[0m [2mdashboard_server[0m[2m:[0m Received broadcast: marksman_pulse
[2m2026-02-01T00:21:24.386136Z[0m [32m INFO[0m [2mdashboard_server[0m[2m:[0m Sending to WebSocket client: 46044 bytes
[2m2026-02-01T00:21:24.386149Z[0m [32m INFO[0m [2mdashboard_server[0m[2m:[0m Sending to WebSocket client: 46044 bytes
[2m2026-02-01T00:21:31.654583Z[0m [32m INFO[0m [2mdashboard_server[0m[2m:[0m 📡 Telemetry Push: marksman_pulse
[2m2026-02-01T00:21:31.654971Z[0m [32m INFO[0m [2mdashboard_server[0m[2m:[0m Received broadcast: marksman_pulse
[2m2026-02-01T00:21:31.655158Z[0m [32m INFO[0m [2mdashboard_server[0m[2m:[0m Sending to WebSocket client: 46064 bytes
[2m2026-02-01T00:21:31.655379Z[0m [32m INFO[0m [2mdashboard_server[0m[2m:[0m Received broadcast: marksman_pulse
[2m2026-02-01T00:21:31.655439Z[0m [32m INFO[0m [2mdashboard_server[0m[2m:[0m Received broadcast: marksman_pulse
[2m2026-02-01T00:21:31.656108Z[0m [32m INFO[0m [2mdashboard_server[0m[2m:[0m Sending to WebSocket client: 46064 bytes
[2m2026-02-01T00:21:31.656277Z[0m [32m INFO[0m [2mdashboard_server[0m[2m:[0m Sending to WebSocket client: 46064 bytes
[2m2026-02-01T00:21:31.657174Z[0m [32m INFO[0m [2mdashboard_server[0m[2m:[0m Received broadcast: marksman_pulse
[2m2026-02-01T00:21:31.657986Z[0m [32m INFO[0m [2mdashboard_server[0m[2m:[0m Sending to WebSocket client: 46064 bytes
[2m2026-02-01T00:21:38.915934Z[0m [32m INFO[0m [2mdashboard_server[0m[2m:[0m 📡 Telemetry Push: marksman_pulse
[2m2026-02-01T00:21:38.916246Z[0m [32m INFO[0m [2mdashboard_server[0m[2m:[0m Received broadcast: marksman_pulse
[2m2026-02-01T00:21:38.916266Z[0m [32m INFO[0m [2mdashboard_server[0m[2m:[0m Received broadcast: marksman_pulse
[2m2026-02-01T00:21:38.916366Z[0m [32m INFO[0m [2mdashboard_server[0m[2m:[0m Sending to WebSocket client: 46021 bytes
[2m2026-02-01T00:21:38.916384Z[0m [32m INFO[0m [2mdashboard_server[0m[2m:[0m Received broadcast: marksman_pulse
[2m2026-02-01T00:21:38.916384Z[0m [32m INFO[0m [2mdashboard_server[0m[2m:[0m Sending to WebSocket client: 46021 bytes
[2m2026-02-01T00:21:38.916704Z[0m [32m INFO[0m [2mdashboard_server[0m[2m:[0m Received broadcast: marksman_pulse
[2m2026-02-01T00:21:38.916705Z[0m [32m INFO[0m [2mdashboard_server[0m[2m:[0m Sending to WebSocket client: 46021 bytes
[2m2026-02-01T00:21:38.916790Z[0m [32m INFO[0m [2mdashboard_server[0m[2m:[0m Sending to WebSocket client: 46021 bytes
[2m2026-02-01T00:21:47.755918Z[0m [32m INFO[0m [2mdashboard_server[0m[2m:[0m 📡 Telemetry Push: marksman_pulse
[2m2026-02-01T00:21:47.756955Z[0m [32m INFO[0m [2mdashboard_server[0m[2m:[0m Received broadcast: marksman_pulse
[2m2026-02-01T00:21:47.760024Z[0m [32m INFO[0m [2mdashboard_server[0m[2m:[0m Received broadcast: marksman_pulse
[2m2026-02-01T00:21:47.760244Z[0m [32m INFO[0m [2mdashboard_server[0m[2m:[0m Received broadcast: marksman_pulse
[2m2026-02-01T00:21:47.760585Z[0m [32m INFO[0m [2mdashboard_server[0m[2m:[0m Received broadcast: marksman_pulse
[2m2026-02-01T00:21:47.760803Z[0m [32m INFO[0m [2mdashboard_server[0m[2m:[0m Sending to WebSocket client: 46105 bytes
[2m2026-02-01T00:21:47.760845Z[0m [32m INFO[0m [2mdashboard_server[0m[2m:[0m Sending to WebSocket client: 46105 bytes
[2m2026-02-01T00:21:47.761385Z[0m [32m INFO[0m [2mdashboard_server[0m[2m:[0m Sending to WebSocket client: 46105 bytes
[2m2026-02-01T00:21:47.764487Z[0m [32m INFO[0m [2mdashboard_server[0m[2m:[0m Sending to WebSocket client: 46105 bytes
[2m2026-02-01T00:21:55.393850Z[0m [32m INFO[0m [2mdashboard_server[0m[2m:[0m 📡 Telemetry Push: marksman_pulse
[2m2026-02-01T00:21:55.394186Z[0m [32m INFO[0m [2mdashboard_server[0m[2m:[0m Received broadcast: marksman_pulse
[2m2026-02-01T00:21:55.394235Z[0m [32m INFO[0m [2mdashboard_server[0m[2m:[0m Received broadcast: marksman_pulse
[2m2026-02-01T00:21:55.394292Z[0m [32m INFO[0m [2mdashboard_server[0m[2m:[0m Received broadcast: marksman_pulse
[2m2026-02-01T00:21:55.394307Z[0m [32m INFO[0m [2mdashboard_server[0m[2m:[0m Sending to WebSocket client: 45962 bytes
[2m2026-02-01T00:21:55.394323Z[0m [32m INFO[0m [2mdashboard_server[0m[2m:[0m Sending to WebSocket client: 45962 bytes
[2m2026-02-01T00:21:55.394202Z[0m [32m INFO[0m [2mdashboard_server[0m[2m:[0m Received broadcast: marksman_pulse
[2m2026-02-01T00:21:55.394667Z[0m [32m INFO[0m [2mdashboard_server[0m[2m:[0m Sending to WebSocket client: 45962 bytes
[2m2026-02-01T00:21:55.394674Z[0m [32m INFO[0m [2mdashboard_server[0m[2m:[0m Sending to WebSocket client: 45962 bytes
[2m2026-02-01T00:22:03.015267Z[0m [32m INFO[0m [2mdashboard_server[0m[2m:[0m 📡 Telemetry Push: marksman_pulse
[2m2026-02-01T00:22:03.016334Z[0m [32m INFO[0m [2mdashboard_server[0m[2m:[0m Received broadcast: marksman_pulse
[2m2026-02-01T00:22:03.016540Z[0m [32m INFO[0m [2mdashboard_server[0m[2m:[0m Sending to WebSocket client: 46039 bytes
[2m2026-02-01T00:22:03.016779Z[0m [32m INFO[0m [2mdashboard_server[0m[2m:[0m Received broadcast: marksman_pulse
[2m2026-02-01T00:22:03.017248Z[0m [32m INFO[0m [2mdashboard_server[0m[2m:[0m Received broadcast: marksman_pulse
[2m2026-02-01T00:22:03.017336Z[0m [32m INFO[0m [2mdashboard_server[0m[2m:[0m Sending to WebSocket client: 46039 bytes
[2m2026-02-01T00:22:03.022370Z[0m [32m INFO[0m [2mdashboard_server[0m[2m:[0m Sending to WebSocket client: 46039 bytes
[2m2026-02-01T00:22:03.022530Z[0m [32m INFO[0m [2mdashboard_server[0m[2m:[0m Received broadcast: marksman_pulse
[2m2026-02-01T00:22:03.022621Z[0m [32m INFO[0m [2mdashboard_server[0m[2m:[0m Sending to WebSocket client: 46039 bytes
[2m2026-02-01T00:22:10.872700Z[0m [32m INFO[0m [2mdashboard_server[0m[2m:[0m 📡 Telemetry Push: marksman_pulse
[2m2026-02-01T00:22:10.873173Z[0m [32m INFO[0m [2mdashboard_server[0m[2m:[0m Received broadcast: marksman_pulse
[2m2026-02-01T00:22:10.873193Z[0m [32m INFO[0m [2mdashboard_server[0m[2m:[0m Received broadcast: marksman_pulse
[2m2026-02-01T00:22:10.873253Z[0m [32m INFO[0m [2mdashboard_server[0m[2m:[0m Received broadcast: marksman_pulse
[2m2026-02-01T00:22:10.873300Z[0m [32m INFO[0m [2mdashboard_server[0m[2m:[0m Sending to WebSocket client: 46050 bytes
[2m2026-02-01T00:22:10.873523Z[0m [32m INFO[0m [2mdashboard_server[0m[2m:[0m Received broadcast: marksman_pulse
[2m2026-02-01T00:22:10.873537Z[0m [32m INFO[0m [2mdashboard_server[0m[2m:[0m Sending to WebSocket client: 46050 bytes
[2m2026-02-01T00:22:10.873606Z[0m [32m INFO[0m [2mdashboard_server[0m[2m:[0m Sending to WebSocket client: 46050 bytes
[2m2026-02-01T00:22:10.873786Z[0m [32m INFO[0m [2mdashboard_server[0m[2m:[0m Sending to WebSocket client: 46050 bytes
[2m2026-02-01T00:22:18.590020Z[0m [32m INFO[0m [2mdashboard_server[0m[2m:[0m 📡 Telemetry Push: marksman_pulse
[2m2026-02-01T00:22:18.595623Z[0m [32m INFO[0m [2mdashboard_server[0m[2m:[0m Received broadcast: marksman_pulse
[2m2026-02-01T00:22:18.596278Z[0m [32m INFO[0m [2mdashboard_server[0m[2m:[0m Sending to WebSocket client: 46228 bytes
[2m2026-02-01T00:22:18.596395Z[0m [32m INFO[0m [2mdashboard_server[0m[2m:[0m Received broadcast: marksman_pulse
[2m2026-02-01T00:22:18.596413Z[0m [32m INFO[0m [2mdashboard_server[0m[2m:[0m Received broadcast: marksman_pulse
[2m2026-02-01T00:22:18.596564Z[0m [32m INFO[0m [2mdashboard_server[0m[2m:[0m Sending to WebSocket client: 46228 bytes
[2m2026-02-01T00:22:18.596586Z[0m [32m INFO[0m [2mdashboard_server[0m[2m:[0m Received broadcast: marksman_pulse
[2m2026-02-01T00:22:18.596565Z[0m [32m INFO[0m [2mdashboard_server[0m[2m:[0m Sending to WebSocket client: 46228 bytes
[2m2026-02-01T00:22:18.596671Z[0m [32m INFO[0m [2mdashboard_server[0m[2m:[0m Sending to WebSocket client: 46228 bytes
[2m2026-02-01T00:22:26.073073Z[0m [32m INFO[0m [2mdashboard_server[0m[2m:[0m 📡 Telemetry Push: marksman_pulse
[2m2026-02-01T00:22:26.073416Z[0m [32m INFO[0m [2mdashboard_server[0m[2m:[0m Received broadcast: marksman_pulse
[2m2026-02-01T00:22:26.073436Z[0m [32m INFO[0m [2mdashboard_server[0m[2m:[0m Received broadcast: marksman_pulse
[2m2026-02-01T00:22:26.073524Z[0m [32m INFO[0m [2mdashboard_server[0m[2m:[0m Sending to WebSocket client: 46080 bytes
[2m2026-02-01T00:22:26.073595Z[0m [32m INFO[0m [2mdashboard_server[0m[2m:[0m Sending to WebSocket client: 46080 bytes
[2m2026-02-01T00:22:26.073608Z[0m [32m INFO[0m [2mdashboard_server[0m[2m:[0m Received broadcast: marksman_pulse
[2m2026-02-01T00:22:26.073714Z[0m [32m INFO[0m [2mdashboard_server[0m[2m:[0m Sending to WebSocket client: 46080 bytes
[2m2026-02-01T00:22:26.073730Z[0m [32m INFO[0m [2mdashboard_server[0m[2m:[0m Received broadcast: marksman_pulse
[2m2026-02-01T00:22:26.073833Z[0m [32m INFO[0m [2mdashboard_server[0m[2m:[0m Sending to WebSocket client: 46080 bytes
[2m2026-02-01T00:22:33.376190Z[0m [32m INFO[0m [2mdashboard_server[0m[2m:[0m 📡 Telemetry Push: marksman_pulse
[2m2026-02-01T00:22:33.377038Z[0m [32m INFO[0m [2mdashboard_server[0m[2m:[0m Received broadcast: marksman_pulse
[2m2026-02-01T00:22:33.377347Z[0m [32m INFO[0m [2mdashboard_server[0m[2m:[0m Received broadcast: marksman_pulse
[2m2026-02-01T00:22:33.377420Z[0m [32m INFO[0m [2mdashboard_server[0m[2m:[0m Received broadcast: marksman_pulse
[2m2026-02-01T00:22:33.377442Z[0m [32m INFO[0m [2mdashboard_server[0m[2m:[0m Sending to WebSocket client: 45832 bytes
[2m2026-02-01T00:22:33.377426Z[0m [32m INFO[0m [2mdashboard_server[0m[2m:[0m Sending to WebSocket client: 45832 bytes
[2m2026-02-01T00:22:33.377546Z[0m [32m INFO[0m [2mdashboard_server[0m[2m:[0m Received broadcast: marksman_pulse
[2m2026-02-01T00:22:33.377811Z[0m [32m INFO[0m [2mdashboard_server[0m[2m:[0m Sending to WebSocket client: 45832 bytes
[2m2026-02-01T00:22:33.378141Z[0m [32m INFO[0m [2mdashboard_server[0m[2m:[0m Sending to WebSocket client: 45832 bytes
[2m2026-02-01T00:22:41.092927Z[0m [32m INFO[0m [2mdashboard_server[0m[2m:[0m 📡 Telemetry Push: marksman_pulse
[2m2026-02-01T00:22:41.093919Z[0m [32m INFO[0m [2mdashboard_server[0m[2m:[0m Received broadcast: marksman_pulse
[2m2026-02-01T00:22:41.093946Z[0m [32m INFO[0m [2mdashboard_server[0m[2m:[0m Received broadcast: marksman_pulse
[2m2026-02-01T00:22:41.094047Z[0m [32m INFO[0m [2mdashboard_server[0m[2m:[0m Received broadcast: marksman_pulse
[2m2026-02-01T00:22:41.094075Z[0m [32m INFO[0m [2mdashboard_server[0m[2m:[0m Sending to WebSocket client: 45794 bytes
[2m2026-02-01T00:22:41.094106Z[0m [32m INFO[0m [2mdashboard_server[0m[2m:[0m Received broadcast: marksman_pulse
[2m2026-02-01T00:22:41.094163Z[0m [32m INFO[0m [2mdashboard_server[0m[2m:[0m Sending to WebSocket client: 45794 bytes
[2m2026-02-01T00:22:41.094231Z[0m [32m INFO[0m [2mdashboard_server[0m[2m:[0m Sending to WebSocket client: 45794 bytes
[2m2026-02-01T00:22:41.094791Z[0m [32m INFO[0m [2mdashboard_server[0m[2m:[0m Sending to WebSocket client: 45794 bytes
[2m2026-02-01T00:22:48.532609Z[0m [32m INFO[0m [2mdashboard_server[0m[2m:[0m 📡 Telemetry Push: marksman_pulse
[2m2026-02-01T00:22:48.533216Z[0m [32m INFO[0m [2mdashboard_server[0m[2m:[0m Received broadcast: marksman_pulse
[2m2026-02-01T00:22:48.533283Z[0m [32m INFO[0m [2mdashboard_server[0m[2m:[0m Received broadcast: marksman_pulse
[2m2026-02-01T00:22:48.533416Z[0m [32m INFO[0m [2mdashboard_server[0m[2m:[0m Sending to WebSocket client: 45801 bytes
[2m2026-02-01T00:22:48.533564Z[0m [32m INFO[0m [2mdashboard_server[0m[2m:[0m Received broadcast: marksman_pulse
[2m2026-02-01T00:22:48.534034Z[0m [32m INFO[0m [2mdashboard_server[0m[2m:[0m Received broadcast: marksman_pulse
[2m2026-02-01T00:22:48.534096Z[0m [32m INFO[0m [2mdashboard_server[0m[2m:[0m Sending to WebSocket client: 45801 bytes
[2m2026-02-01T00:22:48.534457Z[0m [32m INFO[0m [2mdashboard_server[0m[2m:[0m Sending to WebSocket client: 45801 bytes
[2m2026-02-01T00:22:48.534859Z[0m [32m INFO[0m [2mdashboard_server[0m[2m:[0m Sending to WebSocket client: 45801 bytes
[2m2026-02-01T00:22:55.832353Z[0m [32m INFO[0m [2mdashboard_server[0m[2m:[0m 📡 Telemetry Push: marksman_pulse
[2m2026-02-01T00:22:55.833252Z[0m [32m INFO[0m [2mdashboard_server[0m[2m:[0m Received broadcast: marksman_pulse
[2m2026-02-01T00:22:55.833328Z[0m [32m INFO[0m [2mdashboard_server[0m[2m:[0m Received broadcast: marksman_pulse
[2m2026-02-01T00:22:55.833382Z[0m [32m INFO[0m [2mdashboard_server[0m[2m:[0m Sending to WebSocket client: 45909 bytes
[2m2026-02-01T00:22:55.833396Z[0m [32m INFO[0m [2mdashboard_server[0m[2m:[0m Received broadcast: marksman_pulse
[2m2026-02-01T00:22:55.833459Z[0m [32m INFO[0m [2mdashboard_server[0m[2m:[0m Sending to WebSocket client: 45909 bytes
[2m2026-02-01T00:22:55.833486Z[0m [32m INFO[0m [2mdashboard_server[0m[2m:[0m Received broadcast: marksman_pulse
[2m2026-02-01T00:22:55.833507Z[0m [32m INFO[0m [2mdashboard_server[0m[2m:[0m Sending to WebSocket client: 45909 bytes
[2m2026-02-01T00:22:55.833574Z[0m [32m INFO[0m [2mdashboard_server[0m[2m:[0m Sending to WebSocket client: 45909 bytes
[2m2026-02-01T00:23:05.600247Z[0m [32m INFO[0m [2mdashboard_server[0m[2m:[0m 📡 Telemetry Push: marksman_pulse
[2m2026-02-01T00:23:05.819262Z[0m [32m INFO[0m [2mdashboard_server[0m[2m:[0m Received broadcast: marksman_pulse
[2m2026-02-01T00:23:05.819438Z[0m [32m INFO[0m [2mdashboard_server[0m[2m:[0m Received broadcast: marksman_pulse
[2m2026-02-01T00:23:05.819444Z[0m [32m INFO[0m [2mdashboard_server[0m[2m:[0m Sending to WebSocket client: 46054 bytes
[2m2026-02-01T00:23:05.826470Z[0m [32m INFO[0m [2mdashboard_server[0m[2m:[0m Sending to WebSocket client: 46054 bytes
[2m2026-02-01T00:23:05.819481Z[0m [32m INFO[0m [2mdashboard_server[0m[2m:[0m Received broadcast: marksman_pulse
[2m2026-02-01T00:23:05.819521Z[0m [32m INFO[0m [2mdashboard_server[0m[2m:[0m Received broadcast: marksman_pulse
[2m2026-02-01T00:23:05.827685Z[0m [32m INFO[0m [2mdashboard_server[0m[2m:[0m Sending to WebSocket client: 46054 bytes
[2m2026-02-01T00:23:05.828678Z[0m [32m INFO[0m [2mdashboard_server[0m[2m:[0m Sending to WebSocket client: 46054 bytes
[2m2026-02-01T00:23:07.373080Z[0m [32m INFO[0m [2mdashboard_server[0m[2m:[0m WebSocket client disconnected
[2m2026-02-01T00:23:07.429516Z[0m [32m INFO[0m [2mdashboard_server[0m[2m:[0m WebSocket client connected!
[2m2026-02-01T00:23:07.429554Z[0m [32m INFO[0m [2mdashboard_server[0m[2m:[0m Subscribed to broadcast channel, receiver count: 5
[2m2026-02-01T00:23:07.429570Z[0m [32m INFO[0m [2mdashboard_server[0m[2m:[0m Send task started, waiting for broadcasts...
[2m2026-02-01T00:23:09.901173Z[0m [32m INFO[0m [2mdashboard_server[0m[2m:[0m WebSocket client connected!
[2m2026-02-01T00:23:09.901399Z[0m [32m INFO[0m [2mdashboard_server[0m[2m:[0m Subscribed to broadcast channel, receiver count: 6
[2m2026-02-01T00:23:09.901421Z[0m [32m INFO[0m [2mdashboard_server[0m[2m:[0m Send task started, waiting for broadcasts...
[2m2026-02-01T00:23:11.409521Z[0m [32m INFO[0m [2mdashboard_server[0m[2m:[0m WebSocket client disconnected
[2m2026-02-01T00:23:11.460806Z[0m [32m INFO[0m [2mdashboard_server[0m[2m:[0m WebSocket client connected!
[2m2026-02-01T00:23:11.460876Z[0m [32m INFO[0m [2mdashboard_server[0m[2m:[0m Subscribed to broadcast channel, receiver count: 6
[2m2026-02-01T00:23:11.460928Z[0m [32m INFO[0m [2mdashboard_server[0m[2m:[0m Send task started, waiting for broadcasts...
[2m2026-02-01T00:23:14.234264Z[0m [32m INFO[0m [2mdashboard_server[0m[2m:[0m 📡 Telemetry Push: marksman_pulse
[2m2026-02-01T00:23:14.234372Z[0m [32m INFO[0m [2mdashboard_server[0m[2m:[0m Received broadcast: marksman_pulse
[2m2026-02-01T00:23:14.234470Z[0m [32m INFO[0m [2mdashboard_server[0m[2m:[0m Sending to WebSocket client: 45839 bytes
[2m2026-02-01T00:23:14.234485Z[0m [32m INFO[0m [2mdashboard_server[0m[2m:[0m Received broadcast: marksman_pulse
[2m2026-02-01T00:23:14.234600Z[0m [32m INFO[0m [2mdashboard_server[0m[2m:[0m Sending to WebSocket client: 45839 bytes
[2m2026-02-01T00:23:14.234644Z[0m [32m INFO[0m [2mdashboard_server[0m[2m:[0m Received broadcast: marksman_pulse
[2m2026-02-01T00:23:14.234807Z[0m [32m INFO[0m [2mdashboard_server[0m[2m:[0m Received broadcast: marksman_pulse
[2m2026-02-01T00:23:14.234864Z[0m [32m INFO[0m [2mdashboard_server[0m[2m:[0m Received broadcast: marksman_pulse
[2m2026-02-01T00:23:14.234996Z[0m [32m INFO[0m [2mdashboard_server[0m[2m:[0m Sending to WebSocket client: 45839 bytes
[2m2026-02-01T00:23:14.235775Z[0m [32m INFO[0m [2mdashboard_server[0m[2m:[0m Sending to WebSocket client: 45839 bytes
[2m2026-02-01T00:23:14.235995Z[0m [32m INFO[0m [2mdashboard_server[0m[2m:[0m Sending to WebSocket client: 45839 bytes
[2m2026-02-01T00:23:14.634517Z[0m [32m INFO[0m [2mdashboard_server[0m[2m:[0m WebSocket client connected!
[2m2026-02-01T00:23:14.634669Z[0m [32m INFO[0m [2mdashboard_server[0m[2m:[0m Subscribed to broadcast channel, receiver count: 7
[2m2026-02-01T00:23:14.634757Z[0m [32m INFO[0m [2mdashboard_server[0m[2m:[0m Send task started, waiting for broadcasts...
[2m2026-02-01T00:23:23.298294Z[0m [32m INFO[0m [2mdashboard_server[0m[2m:[0m 📡 Telemetry Push: marksman_pulse
[2m2026-02-01T00:23:23.300032Z[0m [32m INFO[0m [2mdashboard_server[0m[2m:[0m Received broadcast: marksman_pulse
[2m2026-02-01T00:23:23.300289Z[0m [32m INFO[0m [2mdashboard_server[0m[2m:[0m Sending to WebSocket client: 46209 bytes
[2m2026-02-01T00:23:23.300463Z[0m [32m INFO[0m [2mdashboard_server[0m[2m:[0m Received broadcast: marksman_pulse
[2m2026-02-01T00:23:23.301211Z[0m [32m INFO[0m [2mdashboard_server[0m[2m:[0m Received broadcast: marksman_pulse
[2m2026-02-01T00:23:23.301312Z[0m [32m INFO[0m [2mdashboard_server[0m[2m:[0m Sending to WebSocket client: 46209 bytes
[2m2026-02-01T00:23:23.301878Z[0m [32m INFO[0m [2mdashboard_server[0m[2m:[0m Sending to WebSocket client: 46209 bytes
[2m2026-02-01T00:23:23.302590Z[0m [32m INFO[0m [2mdashboard_server[0m[2m:[0m Received broadcast: marksman_pulse
[2m2026-02-01T00:23:23.302745Z[0m [32m INFO[0m [2mdashboard_server[0m[2m:[0m Sending to WebSocket client: 46209 bytes
[2m2026-02-01T00:23:23.302786Z[0m [32m INFO[0m [2mdashboard_server[0m[2m:[0m Received broadcast: marksman_pulse
[2m2026-02-01T00:23:23.302855Z[0m [32m INFO[0m [2mdashboard_server[0m[2m:[0m Received broadcast: marksman_pulse
[2m2026-02-01T00:23:23.303016Z[0m [32m INFO[0m [2mdashboard_server[0m[2m:[0m Sending to WebSocket client: 46209 bytes
[2m2026-02-01T00:23:23.303911Z[0m [32m INFO[0m [2mdashboard_server[0m[2m:[0m Sending to WebSocket client: 46209 bytes
[2m2026-02-01T00:23:33.347057Z[0m [32m INFO[0m [2mdashboard_server[0m[2m:[0m 📡 Telemetry Push: marksman_pulse
[2m2026-02-01T00:23:33.347952Z[0m [32m INFO[0m [2mdashboard_server[0m[2m:[0m Received broadcast: marksman_pulse
[2m2026-02-01T00:23:33.348078Z[0m [32m INFO[0m [2mdashboard_server[0m[2m:[0m Sending to WebSocket client: 45807 bytes
[2m2026-02-01T00:23:33.348234Z[0m [32m INFO[0m [2mdashboard_server[0m[2m:[0m Received broadcast: marksman_pulse
[2m2026-02-01T00:23:33.348330Z[0m [32m INFO[0m [2mdashboard_server[0m[2m:[0m Sending to WebSocket client: 45807 bytes
[2m2026-02-01T00:23:33.348730Z[0m [32m INFO[0m [2mdashboard_server[0m[2m:[0m Received broadcast: marksman_pulse
[2m2026-02-01T00:23:33.348811Z[0m [32m INFO[0m [2mdashboard_server[0m[2m:[0m Sending to WebSocket client: 45807 bytes
[2m2026-02-01T00:23:33.349203Z[0m [32m INFO[0m [2mdashboard_server[0m[2m:[0m Received broadcast: marksman_pulse
[2m2026-02-01T00:23:33.349328Z[0m [32m INFO[0m [2mdashboard_server[0m[2m:[0m Sending to WebSocket client: 45807 bytes
[2m2026-02-01T00:23:33.349595Z[0m [32m INFO[0m [2mdashboard_server[0m[2m:[0m Received broadcast: marksman_pulse
[2m2026-02-01T00:23:33.349713Z[0m [32m INFO[0m [2mdashboard_server[0m[2m:[0m Sending to WebSocket client: 45807 bytes
[2m2026-02-01T00:23:33.349708Z[0m [32m INFO[0m [2mdashboard_server[0m[2m:[0m Received broadcast: marksman_pulse
[2m2026-02-01T00:23:33.349850Z[0m [32m INFO[0m [2mdashboard_server[0m[2m:[0m Sending to WebSocket client: 45807 bytes
[2m2026-02-01T00:23:46.577175Z[0m [32m INFO[0m [2mdashboard_server[0m[2m:[0m WebSocket client disconnected
[2m2026-02-01T00:23:46.577176Z[0m [32m INFO[0m [2mdashboard_server[0m[2m:[0m WebSocket client disconnected
[2m2026-02-01T00:23:46.577174Z[0m [32m INFO[0m [2mdashboard_server[0m[2m:[0m WebSocket client disconnected
[2m2026-02-01T00:23:48.640647Z[0m [32m INFO[0m [2mdashboard_server[0m[2m:[0m WebSocket client connected!
[2m2026-02-01T00:23:48.640680Z[0m [32m INFO[0m [2mdashboard_server[0m[2m:[0m Subscribed to broadcast channel, receiver count: 5
[2m2026-02-01T00:23:48.640711Z[0m [32m INFO[0m [2mdashboard_server[0m[2m:[0m Send task started, waiting for broadcasts...
[2m2026-02-01T00:23:50.654522Z[0m [32m INFO[0m [2mdashboard_server[0m[2m:[0m WebSocket client connected!
[2m2026-02-01T00:23:50.654642Z[0m [32m INFO[0m [2mdashboard_server[0m[2m:[0m Subscribed to broadcast channel, receiver count: 6
[2m2026-02-01T00:23:50.654837Z[0m [32m INFO[0m [2mdashboard_server[0m[2m:[0m Send task started, waiting for broadcasts...
[2m2026-02-01T00:23:56.443665Z[0m [32m INFO[0m [2mdashboard_server[0m[2m:[0m 📡 Telemetry Push: marksman_pulse
[2m2026-02-01T00:23:56.444472Z[0m [32m INFO[0m [2mdashboard_server[0m[2m:[0m Received broadcast: marksman_pulse
[2m2026-02-01T00:23:56.444623Z[0m [32m INFO[0m [2mdashboard_server[0m[2m:[0m Received broadcast: marksman_pulse
[2m2026-02-01T00:23:56.445051Z[0m [32m INFO[0m [2mdashboard_server[0m[2m:[0m Sending to WebSocket client: 45782 bytes
[2m2026-02-01T00:23:56.445859Z[0m [32m INFO[0m [2mdashboard_server[0m[2m:[0m Sending to WebSocket client: 45782 bytes
[2m2026-02-01T00:23:56.445930Z[0m [32m INFO[0m [2mdashboard_server[0m[2m:[0m Received broadcast: marksman_pulse
[2m2026-02-01T00:23:56.446647Z[0m [32m INFO[0m [2mdashboard_server[0m[2m:[0m Received broadcast: marksman_pulse
[2m2026-02-01T00:23:56.446723Z[0m [32m INFO[0m [2mdashboard_server[0m[2m:[0m Received broadcast: marksman_pulse
[2m2026-02-01T00:23:56.446916Z[0m [32m INFO[0m [2mdashboard_server[0m[2m:[0m Sending to WebSocket client: 45782 bytes
[2m2026-02-01T00:23:56.447469Z[0m [32m INFO[0m [2mdashboard_server[0m[2m:[0m Sending to WebSocket client: 45782 bytes
[2m2026-02-01T00:23:56.450334Z[0m [32m INFO[0m [2mdashboard_server[0m[2m:[0m Sending to WebSocket client: 45782 bytes
[2m2026-02-01T00:24:04.671815Z[0m [32m INFO[0m [2mdashboard_server[0m[2m:[0m 📡 Telemetry Push: marksman_pulse
[2m2026-02-01T00:24:04.672364Z[0m [32m INFO[0m [2mdashboard_server[0m[2m:[0m Received broadcast: marksman_pulse
[2m2026-02-01T00:24:04.672404Z[0m [32m INFO[0m [2mdashboard_server[0m[2m:[0m Received broadcast: marksman_pulse
[2m2026-02-01T00:24:04.672470Z[0m [32m INFO[0m [2mdashboard_server[0m[2m:[0m Sending to WebSocket client: 45904 bytes
[2m2026-02-01T00:24:04.672489Z[0m [32m INFO[0m [2mdashboard_server[0m[2m:[0m Received broadcast: marksman_pulse
[2m2026-02-01T00:24:04.672600Z[0m [32m INFO[0m [2mdashboard_server[0m[2m:[0m Sending to WebSocket client: 45904 bytes
[2m2026-02-01T00:24:04.673119Z[0m [32m INFO[0m [2mdashboard_server[0m[2m:[0m Received broadcast: marksman_pulse
[2m2026-02-01T00:24:04.673142Z[0m [32m INFO[0m [2mdashboard_server[0m[2m:[0m Received broadcast: marksman_pulse
[2m2026-02-01T00:24:04.673124Z[0m [32m INFO[0m [2mdashboard_server[0m[2m:[0m Sending to WebSocket client: 45904 bytes
[2m2026-02-01T00:24:04.673237Z[0m [32m INFO[0m [2mdashboard_server[0m[2m:[0m Sending to WebSocket client: 45904 bytes
[2m2026-02-01T00:24:04.673307Z[0m [32m INFO[0m [2mdashboard_server[0m[2m:[0m Sending to WebSocket client: 45904 bytes
[2m2026-02-01T00:24:12.252516Z[0m [32m INFO[0m [2mdashboard_server[0m[2m:[0m 📡 Telemetry Push: marksman_pulse
[2m2026-02-01T00:24:12.252758Z[0m [32m INFO[0m [2mdashboard_server[0m[2m:[0m Received broadcast: marksman_pulse
[2m2026-02-01T00:24:12.252818Z[0m [32m INFO[0m [2mdashboard_server[0m[2m:[0m Received broadcast: marksman_pulse
[2m2026-02-01T00:24:12.252864Z[0m [32m INFO[0m [2mdashboard_server[0m[2m:[0m Sending to WebSocket client: 45883 bytes
[2m2026-02-01T00:24:12.252881Z[0m [32m INFO[0m [2mdashboard_server[0m[2m:[0m Received broadcast: marksman_pulse
[2m2026-02-01T00:24:12.252950Z[0m [32m INFO[0m [2mdashboard_server[0m[2m:[0m Sending to WebSocket client: 45883 bytes
[2m2026-02-01T00:24:12.252987Z[0m [32m INFO[0m [2mdashboard_server[0m[2m:[0m Sending to WebSocket client: 45883 bytes
[2m2026-02-01T00:24:12.253090Z[0m [32m INFO[0m [2mdashboard_server[0m[2m:[0m Received broadcast: marksman_pulse
[2m2026-02-01T00:24:12.253107Z[0m [32m INFO[0m [2mdashboard_server[0m[2m:[0m Received broadcast: marksman_pulse
[2m2026-02-01T00:24:12.253224Z[0m [32m INFO[0m [2mdashboard_server[0m[2m:[0m Sending to WebSocket client: 45883 bytes
[2m2026-02-01T00:24:12.253231Z[0m [32m INFO[0m [2mdashboard_server[0m[2m:[0m Sending to WebSocket client: 45883 bytes
[2m2026-02-01T00:24:19.646197Z[0m [32m INFO[0m [2mdashboard_server[0m[2m:[0m 📡 Telemetry Push: marksman_pulse
[2m2026-02-01T00:24:19.646568Z[0m [32m INFO[0m [2mdashboard_server[0m[2m:[0m Received broadcast: marksman_pulse
[2m2026-02-01T00:24:19.646614Z[0m [32m INFO[0m [2mdashboard_server[0m[2m:[0m Received broadcast: marksman_pulse
[2m2026-02-01T00:24:19.646703Z[0m [32m INFO[0m [2mdashboard_server[0m[2m:[0m Sending to WebSocket client: 45879 bytes
[2m2026-02-01T00:24:19.646737Z[0m [32m INFO[0m [2mdashboard_server[0m[2m:[0m Sending to WebSocket client: 45879 bytes
[2m2026-02-01T00:24:19.646820Z[0m [32m INFO[0m [2mdashboard_server[0m[2m:[0m Received broadcast: marksman_pulse
[2m2026-02-01T00:24:19.646857Z[0m [32m INFO[0m [2mdashboard_server[0m[2m:[0m Received broadcast: marksman_pulse
[2m2026-02-01T00:24:19.646937Z[0m [32m INFO[0m [2mdashboard_server[0m[2m:[0m Received broadcast: marksman_pulse
[2m2026-02-01T00:24:19.647023Z[0m [32m INFO[0m [2mdashboard_server[0m[2m:[0m Sending to WebSocket client: 45879 bytes
[2m2026-02-01T00:24:19.647047Z[0m [32m INFO[0m [2mdashboard_server[0m[2m:[0m Sending to WebSocket client: 45879 bytes
[2m2026-02-01T00:24:19.647229Z[0m [32m INFO[0m [2mdashboard_server[0m[2m:[0m Sending to WebSocket client: 45879 bytes
[2m2026-02-01T00:24:27.216591Z[0m [32m INFO[0m [2mdashboard_server[0m[2m:[0m 📡 Telemetry Push: marksman_pulse
[2m2026-02-01T00:24:27.216806Z[0m [32m INFO[0m [2mdashboard_server[0m[2m:[0m Received broadcast: marksman_pulse
[2m2026-02-01T00:24:27.216854Z[0m [32m INFO[0m [2mdashboard_server[0m[2m:[0m Received broadcast: marksman_pulse
[2m2026-02-01T00:24:27.216884Z[0m [32m INFO[0m [2mdashboard_server[0m[2m:[0m Received broadcast: marksman_pulse
[2m2026-02-01T00:24:27.216904Z[0m [32m INFO[0m [2mdashboard_server[0m[2m:[0m Sending to WebSocket client: 45800 bytes
[2m2026-02-01T00:24:27.216969Z[0m [32m INFO[0m [2mdashboard_server[0m[2m:[0m Sending to WebSocket client: 45800 bytes
[2m2026-02-01T00:24:27.216986Z[0m [32m INFO[0m [2mdashboard_server[0m[2m:[0m Sending to WebSocket client: 45800 bytes
[2m2026-02-01T00:24:27.216975Z[0m [32m INFO[0m [2mdashboard_server[0m[2m:[0m Received broadcast: marksman_pulse
[2m2026-02-01T00:24:27.217047Z[0m [32m INFO[0m [2mdashboard_server[0m[2m:[0m Received broadcast: marksman_pulse
[2m2026-02-01T00:24:27.217087Z[0m [32m INFO[0m [2mdashboard_server[0m[2m:[0m Sending to WebSocket client: 45800 bytes
[2m2026-02-01T00:24:27.217130Z[0m [32m INFO[0m [2mdashboard_server[0m[2m:[0m Sending to WebSocket client: 45800 bytes
[2m2026-02-01T00:24:27.840776Z[0m [32m INFO[0m [2mdashboard_server[0m[2m:[0m WebSocket client disconnected
[2m2026-02-01T00:24:27.840793Z[0m [32m INFO[0m [2mdashboard_server[0m[2m:[0m WebSocket client disconnected
[2m2026-02-01T00:24:34.760064Z[0m [32m INFO[0m [2mdashboard_server[0m[2m:[0m 📡 Telemetry Push: marksman_pulse
[2m2026-02-01T00:24:34.760354Z[0m [32m INFO[0m [2mdashboard_server[0m[2m:[0m Received broadcast: marksman_pulse
[2m2026-02-01T00:24:34.760442Z[0m [32m INFO[0m [2mdashboard_server[0m[2m:[0m Received broadcast: marksman_pulse
[2m2026-02-01T00:24:34.760501Z[0m [32m INFO[0m [2mdashboard_server[0m[2m:[0m Received broadcast: marksman_pulse
[2m2026-02-01T00:24:34.760564Z[0m [32m INFO[0m [2mdashboard_server[0m[2m:[0m Sending to WebSocket client: 45802 bytes
[2m2026-02-01T00:24:34.760657Z[0m [32m INFO[0m [2mdashboard_server[0m[2m:[0m Sending to WebSocket client: 45802 bytes
[2m2026-02-01T00:24:34.760812Z[0m [32m INFO[0m [2mdashboard_server[0m[2m:[0m Sending to WebSocket client: 45802 bytes
[2m2026-02-01T00:24:42.185700Z[0m [32m INFO[0m [2mdashboard_server[0m[2m:[0m 📡 Telemetry Push: marksman_pulse
[2m2026-02-01T00:24:42.187282Z[0m [32m INFO[0m [2mdashboard_server[0m[2m:[0m Received broadcast: marksman_pulse
[2m2026-02-01T00:24:42.187316Z[0m [32m INFO[0m [2mdashboard_server[0m[2m:[0m Received broadcast: marksman_pulse
[2m2026-02-01T00:24:42.187419Z[0m [32m INFO[0m [2mdashboard_server[0m[2m:[0m Sending to WebSocket client: 45906 bytes
[2m2026-02-01T00:24:42.187426Z[0m [32m INFO[0m [2mdashboard_server[0m[2m:[0m Sending to WebSocket client: 45906 bytes
[2m2026-02-01T00:24:42.187439Z[0m [32m INFO[0m [2mdashboard_server[0m[2m:[0m Received broadcast: marksman_pulse
[2m2026-02-01T00:24:42.187568Z[0m [32m INFO[0m [2mdashboard_server[0m[2m:[0m Sending to WebSocket client: 45906 bytes
[2m2026-02-01T00:24:49.755816Z[0m [32m INFO[0m [2mdashboard_server[0m[2m:[0m 📡 Telemetry Push: marksman_pulse
[2m2026-02-01T00:24:49.756118Z[0m [32m INFO[0m [2mdashboard_server[0m[2m:[0m Received broadcast: marksman_pulse
[2m2026-02-01T00:24:49.756372Z[0m [32m INFO[0m [2mdashboard_server[0m[2m:[0m Received broadcast: marksman_pulse
[2m2026-02-01T00:24:49.756381Z[0m [32m INFO[0m [2mdashboard_server[0m[2m:[0m Sending to WebSocket client: 45992 bytes
[2m2026-02-01T00:24:49.756481Z[0m [32m INFO[0m [2mdashboard_server[0m[2m:[0m Sending to WebSocket client: 45992 bytes
[2m2026-02-01T00:24:49.756654Z[0m [32m INFO[0m [2mdashboard_server[0m[2m:[0m Received broadcast: marksman_pulse
[2m2026-02-01T00:24:49.756963Z[0m [32m INFO[0m [2mdashboard_server[0m[2m:[0m Sending to WebSocket client: 45992 bytes
[2m2026-02-01T00:24:57.672761Z[0m [32m INFO[0m [2mdashboard_server[0m[2m:[0m 📡 Telemetry Push: marksman_pulse
[2m2026-02-01T00:24:57.673637Z[0m [32m INFO[0m [2mdashboard_server[0m[2m:[0m Received broadcast: marksman_pulse
[2m2026-02-01T00:24:57.673695Z[0m [32m INFO[0m [2mdashboard_server[0m[2m:[0m Received broadcast: marksman_pulse
[2m2026-02-01T00:24:57.673773Z[0m [32m INFO[0m [2mdashboard_server[0m[2m:[0m Sending to WebSocket client: 46011 bytes
[2m2026-02-01T00:24:57.673806Z[0m [32m INFO[0m [2mdashboard_server[0m[2m:[0m Received broadcast: marksman_pulse
[2m2026-02-01T00:24:57.673855Z[0m [32m INFO[0m [2mdashboard_server[0m[2m:[0m Sending to WebSocket client: 46011 bytes
[2m2026-02-01T00:24:57.673994Z[0m [32m INFO[0m [2mdashboard_server[0m[2m:[0m Sending to WebSocket client: 46011 bytes
[2m2026-02-01T00:25:05.142818Z[0m [32m INFO[0m [2mdashboard_server[0m[2m:[0m 📡 Telemetry Push: marksman_pulse
[2m2026-02-01T00:25:05.143026Z[0m [32m INFO[0m [2mdashboard_server[0m[2m:[0m Received broadcast: marksman_pulse
[2m2026-02-01T00:25:05.143276Z[0m [32m INFO[0m [2mdashboard_server[0m[2m:[0m Received broadcast: marksman_pulse
[2m2026-02-01T00:25:05.143373Z[0m [32m INFO[0m [2mdashboard_server[0m[2m:[0m Sending to WebSocket client: 45958 bytes
[2m2026-02-01T00:25:05.143413Z[0m [32m INFO[0m [2mdashboard_server[0m[2m:[0m Sending to WebSocket client: 45958 bytes
[2m2026-02-01T00:25:05.143546Z[0m [32m INFO[0m [2mdashboard_server[0m[2m:[0m Received broadcast: marksman_pulse
[2m2026-02-01T00:25:05.143641Z[0m [32m INFO[0m [2mdashboard_server[0m[2m:[0m Sending to WebSocket client: 45958 bytes
[2m2026-02-01T00:25:12.400354Z[0m [32m INFO[0m [2mdashboard_server[0m[2m:[0m 📡 Telemetry Push: marksman_pulse
[2m2026-02-01T00:25:12.400533Z[0m [32m INFO[0m [2mdashboard_server[0m[2m:[0m Received broadcast: marksman_pulse
[2m2026-02-01T00:25:12.400553Z[0m [32m INFO[0m [2mdashboard_server[0m[2m:[0m Received broadcast: marksman_pulse
[2m2026-02-01T00:25:12.400646Z[0m [32m INFO[0m [2mdashboard_server[0m[2m:[0m Sending to WebSocket client: 46062 bytes
[2m2026-02-01T00:25:12.400669Z[0m [32m INFO[0m [2mdashboard_server[0m[2m:[0m Sending to WebSocket client: 46062 bytes
[2m2026-02-01T00:25:12.400944Z[0m [32m INFO[0m [2mdashboard_server[0m[2m:[0m Received broadcast: marksman_pulse
[2m2026-02-01T00:25:12.401037Z[0m [32m INFO[0m [2mdashboard_server[0m[2m:[0m Sending to WebSocket client: 46062 bytes
[2m2026-02-01T00:25:20.052886Z[0m [32m INFO[0m [2mdashboard_server[0m[2m:[0m 📡 Telemetry Push: marksman_pulse
[2m2026-02-01T00:25:20.053044Z[0m [32m INFO[0m [2mdashboard_server[0m[2m:[0m Received broadcast: marksman_pulse
[2m2026-02-01T00:25:20.053088Z[0m [32m INFO[0m [2mdashboard_server[0m[2m:[0m Received broadcast: marksman_pulse
[2m2026-02-01T00:25:20.053175Z[0m [32m INFO[0m [2mdashboard_server[0m[2m:[0m Sending to WebSocket client: 45979 bytes
[2m2026-02-01T00:25:20.053250Z[0m [32m INFO[0m [2mdashboard_server[0m[2m:[0m Sending to WebSocket client: 45979 bytes
[2m2026-02-01T00:25:20.053554Z[0m [32m INFO[0m [2mdashboard_server[0m[2m:[0m Received broadcast: marksman_pulse
[2m2026-02-01T00:25:20.053681Z[0m [32m INFO[0m [2mdashboard_server[0m[2m:[0m Sending to WebSocket client: 45979 bytes
[2m2026-02-01T00:25:27.447765Z[0m [32m INFO[0m [2mdashboard_server[0m[2m:[0m 📡 Telemetry Push: marksman_pulse
[2m2026-02-01T00:25:27.447935Z[0m [32m INFO[0m [2mdashboard_server[0m[2m:[0m Received broadcast: marksman_pulse
[2m2026-02-01T00:25:27.447949Z[0m [32m INFO[0m [2mdashboard_server[0m[2m:[0m Received broadcast: marksman_pulse
[2m2026-02-01T00:25:27.448053Z[0m [32m INFO[0m [2mdashboard_server[0m[2m:[0m Received broadcast: marksman_pulse
[2m2026-02-01T00:25:27.448066Z[0m [32m INFO[0m [2mdashboard_server[0m[2m:[0m Sending to WebSocket client: 46143 bytes
[2m2026-02-01T00:25:27.448152Z[0m [32m INFO[0m [2mdashboard_server[0m[2m:[0m Sending to WebSocket client: 46143 bytes
[2m2026-02-01T00:25:27.448224Z[0m [32m INFO[0m [2mdashboard_server[0m[2m:[0m Sending to WebSocket client: 46143 bytes
[2m2026-02-01T00:25:35.028195Z[0m [32m INFO[0m [2mdashboard_server[0m[2m:[0m 📡 Telemetry Push: marksman_pulse
[2m2026-02-01T00:25:35.029564Z[0m [32m INFO[0m [2mdashboard_server[0m[2m:[0m Received broadcast: marksman_pulse
[2m2026-02-01T00:25:35.030058Z[0m [32m INFO[0m [2mdashboard_server[0m[2m:[0m Sending to WebSocket client: 46042 bytes
[2m2026-02-01T00:25:35.030305Z[0m [32m INFO[0m [2mdashboard_server[0m[2m:[0m Received broadcast: marksman_pulse
[2m2026-02-01T00:25:35.030375Z[0m [32m INFO[0m [2mdashboard_server[0m[2m:[0m Received broadcast: marksman_pulse
[2m2026-02-01T00:25:35.030824Z[0m [32m INFO[0m [2mdashboard_server[0m[2m:[0m Sending to WebSocket client: 46042 bytes
[2m2026-02-01T00:25:35.030881Z[0m [32m INFO[0m [2mdashboard_server[0m[2m:[0m Sending to WebSocket client: 46042 bytes
[2m2026-02-01T00:25:44.507346Z[0m [32m INFO[0m [2mdashboard_server[0m[2m:[0m 📡 Telemetry Push: marksman_pulse
[2m2026-02-01T00:25:44.508042Z[0m [32m INFO[0m [2mdashboard_server[0m[2m:[0m Received broadcast: marksman_pulse
[2m2026-02-01T00:25:44.508086Z[0m [32m INFO[0m [2mdashboard_server[0m[2m:[0m Received broadcast: marksman_pulse
[2m2026-02-01T00:25:44.508151Z[0m [32m INFO[0m [2mdashboard_server[0m[2m:[0m Sending to WebSocket client: 45785 bytes
[2m2026-02-01T00:25:44.508205Z[0m [32m INFO[0m [2mdashboard_server[0m[2m:[0m Sending to WebSocket client: 45785 bytes
[2m2026-02-01T00:25:44.508614Z[0m [32m INFO[0m [2mdashboard_server[0m[2m:[0m Received broadcast: marksman_pulse
[2m2026-02-01T00:25:44.508697Z[0m [32m INFO[0m [2mdashboard_server[0m[2m:[0m Sending to WebSocket client: 45785 bytes
[2m2026-02-01T00:25:53.706050Z[0m [32m INFO[0m [2mdashboard_server[0m[2m:[0m 📡 Telemetry Push: marksman_pulse
[2m2026-02-01T00:25:53.707077Z[0m [32m INFO[0m [2mdashboard_server[0m[2m:[0m Received broadcast: marksman_pulse
[2m2026-02-01T00:25:53.707121Z[0m [32m INFO[0m [2mdashboard_server[0m[2m:[0m Received broadcast: marksman_pulse
[2m2026-02-01T00:25:53.707164Z[0m [32m INFO[0m [2mdashboard_server[0m[2m:[0m Received broadcast: marksman_pulse
[2m2026-02-01T00:25:53.707669Z[0m [32m INFO[0m [2mdashboard_server[0m[2m:[0m Sending to WebSocket client: 46083 bytes
[2m2026-02-01T00:25:53.707710Z[0m [32m INFO[0m [2mdashboard_server[0m[2m:[0m Sending to WebSocket client: 46083 bytes
[2m2026-02-01T00:25:53.708109Z[0m [32m INFO[0m [2mdashboard_server[0m[2m:[0m Sending to WebSocket client: 46083 bytes
[2m2026-02-01T00:26:01.101107Z[0m [32m INFO[0m [2mdashboard_server[0m[2m:[0m 📡 Telemetry Push: marksman_pulse
[2m2026-02-01T00:26:01.101690Z[0m [32m INFO[0m [2mdashboard_server[0m[2m:[0m Received broadcast: marksman_pulse
[2m2026-02-01T00:26:01.101716Z[0m [32m INFO[0m [2mdashboard_server[0m[2m:[0m Received broadcast: marksman_pulse
[2m2026-02-01T00:26:01.101845Z[0m [32m INFO[0m [2mdashboard_server[0m[2m:[0m Sending to WebSocket client: 46087 bytes
[2m2026-02-01T00:26:01.101879Z[0m [32m INFO[0m [2mdashboard_server[0m[2m:[0m Received broadcast: marksman_pulse
[2m2026-02-01T00:26:01.101997Z[0m [32m INFO[0m [2mdashboard_server[0m[2m:[0m Sending to WebSocket client: 46087 bytes
[2m2026-02-01T00:26:01.101996Z[0m [32m INFO[0m [2mdashboard_server[0m[2m:[0m Sending to WebSocket client: 46087 bytes
[2m2026-02-01T00:26:08.566975Z[0m [32m INFO[0m [2mdashboard_server[0m[2m:[0m 📡 Telemetry Push: marksman_pulse
[2m2026-02-01T00:26:08.567454Z[0m [32m INFO[0m [2mdashboard_server[0m[2m:[0m Received broadcast: marksman_pulse
[2m2026-02-01T00:26:08.567498Z[0m [32m INFO[0m [2mdashboard_server[0m[2m:[0m Received broadcast: marksman_pulse
[2m2026-02-01T00:26:08.567609Z[0m [32m INFO[0m [2mdashboard_server[0m[2m:[0m Sending to WebSocket client: 45914 bytes
[2m2026-02-01T00:26:08.567644Z[0m [32m INFO[0m [2mdashboard_server[0m[2m:[0m Received broadcast: marksman_pulse
[2m2026-02-01T00:26:08.567646Z[0m [32m INFO[0m [2mdashboard_server[0m[2m:[0m Sending to WebSocket client: 45914 bytes
[2m2026-02-01T00:26:08.567778Z[0m [32m INFO[0m [2mdashboard_server[0m[2m:[0m Sending to WebSocket client: 45914 bytes
[2m2026-02-01T00:26:15.915283Z[0m [32m INFO[0m [2mdashboard_server[0m[2m:[0m 📡 Telemetry Push: marksman_pulse
[2m2026-02-01T00:26:15.915601Z[0m [32m INFO[0m [2mdashboard_server[0m[2m:[0m Received broadcast: marksman_pulse
[2m2026-02-01T00:26:15.915667Z[0m [32m INFO[0m [2mdashboard_server[0m[2m:[0m Received broadcast: marksman_pulse
[2m2026-02-01T00:26:15.915697Z[0m [32m INFO[0m [2mdashboard_server[0m[2m:[0m Sending to WebSocket client: 45970 bytes
[2m2026-02-01T00:26:15.915776Z[0m [32m INFO[0m [2mdashboard_server[0m[2m:[0m Received broadcast: marksman_pulse
[2m2026-02-01T00:26:15.915796Z[0m [32m INFO[0m [2mdashboard_server[0m[2m:[0m Sending to WebSocket client: 45970 bytes
[2m2026-02-01T00:26:15.915884Z[0m [32m INFO[0m [2mdashboard_server[0m[2m:[0m Sending to WebSocket client: 45970 bytes
[2m2026-02-01T00:26:23.269819Z[0m [32m INFO[0m [2mdashboard_server[0m[2m:[0m 📡 Telemetry Push: marksman_pulse
[2m2026-02-01T00:26:23.270238Z[0m [32m INFO[0m [2mdashboard_server[0m[2m:[0m Received broadcast: marksman_pulse
[2m2026-02-01T00:26:23.270292Z[0m [32m INFO[0m [2mdashboard_server[0m[2m:[0m Received broadcast: marksman_pulse
[2m2026-02-01T00:26:23.270333Z[0m [32m INFO[0m [2mdashboard_server[0m[2m:[0m Sending to WebSocket client: 46071 bytes
[2m2026-02-01T00:26:23.270415Z[0m [32m INFO[0m [2mdashboard_server[0m[2m:[0m Sending to WebSocket client: 46071 bytes
[2m2026-02-01T00:26:23.270621Z[0m [32m INFO[0m [2mdashboard_server[0m[2m:[0m Received broadcast: marksman_pulse
[2m2026-02-01T00:26:23.270704Z[0m [32m INFO[0m [2mdashboard_server[0m[2m:[0m Sending to WebSocket client: 46071 bytes
[2m2026-02-01T00:26:35.109880Z[0m [32m INFO[0m [2mdashboard_server[0m[2m:[0m 📡 Telemetry Push: marksman_pulse
[2m2026-02-01T00:26:35.110171Z[0m [32m INFO[0m [2mdashboard_server[0m[2m:[0m Received broadcast: marksman_pulse
[2m2026-02-01T00:26:35.110190Z[0m [32m INFO[0m [2mdashboard_server[0m[2m:[0m Received broadcast: marksman_pulse
[2m2026-02-01T00:26:35.110267Z[0m [32m INFO[0m [2mdashboard_server[0m[2m:[0m Sending to WebSocket client: 46043 bytes
[2m2026-02-01T00:26:35.110304Z[0m [32m INFO[0m [2mdashboard_server[0m[2m:[0m Sending to WebSocket client: 46043 bytes
[2m2026-02-01T00:26:35.110453Z[0m [32m INFO[0m [2mdashboard_server[0m[2m:[0m Received broadcast: marksman_pulse
[2m2026-02-01T00:26:35.110562Z[0m [32m INFO[0m [2mdashboard_server[0m[2m:[0m Sending to WebSocket client: 46043 bytes
[2m2026-02-01T00:26:43.779606Z[0m [32m INFO[0m [2mdashboard_server[0m[2m:[0m 📡 Telemetry Push: marksman_pulse
[2m2026-02-01T00:26:43.780247Z[0m [32m INFO[0m [2mdashboard_server[0m[2m:[0m Received broadcast: marksman_pulse
[2m2026-02-01T00:26:43.780363Z[0m [32m INFO[0m [2mdashboard_server[0m[2m:[0m Sending to WebSocket client: 46137 bytes
[2m2026-02-01T00:26:43.780463Z[0m [32m INFO[0m [2mdashboard_server[0m[2m:[0m Received broadcast: marksman_pulse
[2m2026-02-01T00:26:43.780552Z[0m [32m INFO[0m [2mdashboard_server[0m[2m:[0m Sending to WebSocket client: 46137 bytes
[2m2026-02-01T00:26:43.780681Z[0m [32m INFO[0m [2mdashboard_server[0m[2m:[0m Received broadcast: marksman_pulse
[2m2026-02-01T00:26:43.780778Z[0m [32m INFO[0m [2mdashboard_server[0m[2m:[0m Sending to WebSocket client: 46137 bytes
[2m2026-02-01T00:26:51.962779Z[0m [32m INFO[0m [2mdashboard_server[0m[2m:[0m 📡 Telemetry Push: marksman_pulse
[2m2026-02-01T00:26:51.963479Z[0m [32m INFO[0m [2mdashboard_server[0m[2m:[0m Received broadcast: marksman_pulse
[2m2026-02-01T00:26:51.963593Z[0m [32m INFO[0m [2mdashboard_server[0m[2m:[0m Sending to WebSocket client: 45966 bytes
[2m2026-02-01T00:26:51.963659Z[0m [32m INFO[0m [2mdashboard_server[0m[2m:[0m Received broadcast: marksman_pulse
[2m2026-02-01T00:26:51.965206Z[0m [32m INFO[0m [2mdashboard_server[0m[2m:[0m Received broadcast: marksman_pulse
[2m2026-02-01T00:26:51.966597Z[0m [32m INFO[0m [2mdashboard_server[0m[2m:[0m Sending to WebSocket client: 45966 bytes
[2m2026-02-01T00:26:51.967863Z[0m [32m INFO[0m [2mdashboard_server[0m[2m:[0m Sending to WebSocket client: 45966 bytes
[2m2026-02-01T00:27:01.450902Z[0m [32m INFO[0m [2mdashboard_server[0m[2m:[0m 📡 Telemetry Push: marksman_pulse
[2m2026-02-01T00:27:01.451958Z[0m [32m INFO[0m [2mdashboard_server[0m[2m:[0m Received broadcast: marksman_pulse
[2m2026-02-01T00:27:01.452098Z[0m [32m INFO[0m [2mdashboard_server[0m[2m:[0m Sending to WebSocket client: 45937 bytes
[2m2026-02-01T00:27:01.452534Z[0m [32m INFO[0m [2mdashboard_server[0m[2m:[0m Received broadcast: marksman_pulse
[2m2026-02-01T00:27:01.452571Z[0m [32m INFO[0m [2mdashboard_server[0m[2m:[0m Received broadcast: marksman_pulse
[2m2026-02-01T00:27:01.453229Z[0m [32m INFO[0m [2mdashboard_server[0m[2m:[0m Sending to WebSocket client: 45937 bytes
[2m2026-02-01T00:27:01.455001Z[0m [32m INFO[0m [2mdashboard_server[0m[2m:[0m Sending to WebSocket client: 45937 bytes
[2m2026-02-01T00:27:03.588410Z[0m [32m INFO[0m [2mdashboard_server[0m[2m:[0m WebSocket client disconnected
[2m2026-02-01T00:27:03.588922Z[0m [32m INFO[0m [2mdashboard_server[0m[2m:[0m WebSocket client disconnected
[2m2026-02-01T00:27:03.588620Z[0m [32m INFO[0m [2mdashboard_server[0m[2m:[0m WebSocket client disconnected
[2m2026-02-01T00:27:04.424093Z[0m [32m INFO[0m [2mdashboard_server[0m[2m:[0m WebSocket client connected!
[2m2026-02-01T00:27:04.424161Z[0m [32m INFO[0m [2mdashboard_server[0m[2m:[0m Subscribed to broadcast channel, receiver count: 2
[2m2026-02-01T00:27:04.424206Z[0m [32m INFO[0m [2mdashboard_server[0m[2m:[0m Send task started, waiting for broadcasts...
[2m2026-02-01T00:27:06.418476Z[0m [32m INFO[0m [2mdashboard_server[0m[2m:[0m WebSocket client connected!
[2m2026-02-01T00:27:06.418512Z[0m [32m INFO[0m [2mdashboard_server[0m[2m:[0m Subscribed to broadcast channel, receiver count: 3
[2m2026-02-01T00:27:06.418527Z[0m [32m INFO[0m [2mdashboard_server[0m[2m:[0m Send task started, waiting for broadcasts...
[2m2026-02-01T00:27:09.296997Z[0m [32m INFO[0m [2mdashboard_server[0m[2m:[0m 📡 Telemetry Push: marksman_pulse
[2m2026-02-01T00:27:09.297324Z[0m [32m INFO[0m [2mdashboard_server[0m[2m:[0m Received broadcast: marksman_pulse
[2m2026-02-01T00:27:09.297417Z[0m [32m INFO[0m [2mdashboard_server[0m[2m:[0m Received broadcast: marksman_pulse
[2m2026-02-01T00:27:09.297551Z[0m [32m INFO[0m [2mdashboard_server[0m[2m:[0m Sending to WebSocket client: 45962 bytes
[2m2026-02-01T00:27:09.297667Z[0m [32m INFO[0m [2mdashboard_server[0m[2m:[0m Sending to WebSocket client: 45962 bytes
[2m2026-02-01T00:27:16.698137Z[0m [32m INFO[0m [2mdashboard_server[0m[2m:[0m 📡 Telemetry Push: marksman_pulse
[2m2026-02-01T00:27:16.698483Z[0m [32m INFO[0m [2mdashboard_server[0m[2m:[0m Received broadcast: marksman_pulse
[2m2026-02-01T00:27:16.698561Z[0m [32m INFO[0m [2mdashboard_server[0m[2m:[0m Received broadcast: marksman_pulse
[2m2026-02-01T00:27:16.698653Z[0m [32m INFO[0m [2mdashboard_server[0m[2m:[0m Sending to WebSocket client: 45927 bytes
[2m2026-02-01T00:27:16.698792Z[0m [32m INFO[0m [2mdashboard_server[0m[2m:[0m Sending to WebSocket client: 45927 bytes
[2m2026-02-01T00:27:24.189671Z[0m [32m INFO[0m [2mdashboard_server[0m[2m:[0m 📡 Telemetry Push: marksman_pulse
[2m2026-02-01T00:27:24.189891Z[0m [32m INFO[0m [2mdashboard_server[0m[2m:[0m Received broadcast: marksman_pulse
[2m2026-02-01T00:27:24.189972Z[0m [32m INFO[0m [2mdashboard_server[0m[2m:[0m Received broadcast: marksman_pulse
[2m2026-02-01T00:27:24.190013Z[0m [32m INFO[0m [2mdashboard_server[0m[2m:[0m Sending to WebSocket client: 46039 bytes
[2m2026-02-01T00:27:24.190081Z[0m [32m INFO[0m [2mdashboard_server[0m[2m:[0m Sending to WebSocket client: 46039 bytes
[2m2026-02-01T00:27:31.631568Z[0m [32m INFO[0m [2mdashboard_server[0m[2m:[0m 📡 Telemetry Push: marksman_pulse
[2m2026-02-01T00:27:31.631756Z[0m [32m INFO[0m [2mdashboard_server[0m[2m:[0m Received broadcast: marksman_pulse
[2m2026-02-01T00:27:31.631788Z[0m [32m INFO[0m [2mdashboard_server[0m[2m:[0m Received broadcast: marksman_pulse
[2m2026-02-01T00:27:31.631884Z[0m [32m INFO[0m [2mdashboard_server[0m[2m:[0m Sending to WebSocket client: 45812 bytes
[2m2026-02-01T00:27:31.631902Z[0m [32m INFO[0m [2mdashboard_server[0m[2m:[0m Sending to WebSocket client: 45812 bytes
[2m2026-02-01T00:27:39.311668Z[0m [32m INFO[0m [2mdashboard_server[0m[2m:[0m 📡 Telemetry Push: marksman_pulse
[2m2026-02-01T00:27:39.311971Z[0m [32m INFO[0m [2mdashboard_server[0m[2m:[0m Received broadcast: marksman_pulse
[2m2026-02-01T00:27:39.311988Z[0m [32m INFO[0m [2mdashboard_server[0m[2m:[0m Received broadcast: marksman_pulse
[2m2026-02-01T00:27:39.312079Z[0m [32m INFO[0m [2mdashboard_server[0m[2m:[0m Sending to WebSocket client: 46005 bytes
[2m2026-02-01T00:27:39.312091Z[0m [32m INFO[0m [2mdashboard_server[0m[2m:[0m Sending to WebSocket client: 46005 bytes
[2m2026-02-01T00:27:49.224443Z[0m [32m INFO[0m [2mdashboard_server[0m[2m:[0m 📡 Telemetry Push: marksman_pulse
[2m2026-02-01T00:27:49.225479Z[0m [32m INFO[0m [2mdashboard_server[0m[2m:[0m Received broadcast: marksman_pulse
[2m2026-02-01T00:27:49.225627Z[0m [32m INFO[0m [2mdashboard_server[0m[2m:[0m Received broadcast: marksman_pulse
[2m2026-02-01T00:27:49.226229Z[0m [32m INFO[0m [2mdashboard_server[0m[2m:[0m Sending to WebSocket client: 45863 bytes
[2m2026-02-01T00:27:49.226336Z[0m [32m INFO[0m [2mdashboard_server[0m[2m:[0m Sending to WebSocket client: 45863 bytes
[2m2026-02-01T00:27:57.144903Z[0m [32m INFO[0m [2mdashboard_server[0m[2m:[0m 📡 Telemetry Push: marksman_pulse
[2m2026-02-01T00:27:57.145244Z[0m [32m INFO[0m [2mdashboard_server[0m[2m:[0m Received broadcast: marksman_pulse
[2m2026-02-01T00:27:57.145268Z[0m [32m INFO[0m [2mdashboard_server[0m[2m:[0m Received broadcast: marksman_pulse
[2m2026-02-01T00:27:57.145406Z[0m [32m INFO[0m [2mdashboard_server[0m[2m:[0m Sending to WebSocket client: 45982 bytes
[2m2026-02-01T00:27:57.146067Z[0m [32m INFO[0m [2mdashboard_server[0m[2m:[0m Sending to WebSocket client: 45982 bytes
[2m2026-02-01T00:28:05.700547Z[0m [32m INFO[0m [2mdashboard_server[0m[2m:[0m 📡 Telemetry Push: marksman_pulse
[2m2026-02-01T00:28:05.700716Z[0m [32m INFO[0m [2mdashboard_server[0m[2m:[0m Received broadcast: marksman_pulse
[2m2026-02-01T00:28:05.700839Z[0m [32m INFO[0m [2mdashboard_server[0m[2m:[0m Sending to WebSocket client: 45823 bytes
[2m2026-02-01T00:28:05.700964Z[0m [32m INFO[0m [2mdashboard_server[0m[2m:[0m Received broadcast: marksman_pulse
[2m2026-02-01T00:28:05.701054Z[0m [32m INFO[0m [2mdashboard_server[0m[2m:[0m Sending to WebSocket client: 45823 bytes
[2m2026-02-01T00:28:13.362852Z[0m [32m INFO[0m [2mdashboard_server[0m[2m:[0m 📡 Telemetry Push: marksman_pulse
[2m2026-02-01T00:28:13.362983Z[0m [32m INFO[0m [2mdashboard_server[0m[2m:[0m Received broadcast: marksman_pulse
[2m2026-02-01T00:28:13.363061Z[0m [32m INFO[0m [2mdashboard_server[0m[2m:[0m Received broadcast: marksman_pulse
[2m2026-02-01T00:28:13.363082Z[0m [32m INFO[0m [2mdashboard_server[0m[2m:[0m Sending to WebSocket client: 45816 bytes
[2m2026-02-01T00:28:13.363190Z[0m [32m INFO[0m [2mdashboard_server[0m[2m:[0m Sending to WebSocket client: 45816 bytes
[2m2026-02-01T00:28:20.814466Z[0m [32m INFO[0m [2mdashboard_server[0m[2m:[0m 📡 Telemetry Push: marksman_pulse
[2m2026-02-01T00:28:20.814632Z[0m [32m INFO[0m [2mdashboard_server[0m[2m:[0m Received broadcast: marksman_pulse
[2m2026-02-01T00:28:20.814722Z[0m [32m INFO[0m [2mdashboard_server[0m[2m:[0m Received broadcast: marksman_pulse
[2m2026-02-01T00:28:20.814754Z[0m [32m INFO[0m [2mdashboard_server[0m[2m:[0m Sending to WebSocket client: 46148 bytes
[2m2026-02-01T00:28:20.814860Z[0m [32m INFO[0m [2mdashboard_server[0m[2m:[0m Sending to WebSocket client: 46148 bytes
[2m2026-02-01T00:28:30.110111Z[0m [32m INFO[0m [2mdashboard_server[0m[2m:[0m 📡 Telemetry Push: marksman_pulse
[2m2026-02-01T00:28:30.110780Z[0m [32m INFO[0m [2mdashboard_server[0m[2m:[0m Received broadcast: marksman_pulse
[2m2026-02-01T00:28:30.110961Z[0m [32m INFO[0m [2mdashboard_server[0m[2m:[0m Sending to WebSocket client: 45972 bytes
[2m2026-02-01T00:28:30.111757Z[0m [32m INFO[0m [2mdashboard_server[0m[2m:[0m Received broadcast: marksman_pulse
[2m2026-02-01T00:28:30.111846Z[0m [32m INFO[0m [2mdashboard_server[0m[2m:[0m Sending to WebSocket client: 45972 bytes
[2m2026-02-01T00:28:37.585477Z[0m [32m INFO[0m [2mdashboard_server[0m[2m:[0m 📡 Telemetry Push: marksman_pulse
[2m2026-02-01T00:28:37.585762Z[0m [32m INFO[0m [2mdashboard_server[0m[2m:[0m Received broadcast: marksman_pulse
[2m2026-02-01T00:28:37.585789Z[0m [32m INFO[0m [2mdashboard_server[0m[2m:[0m Received broadcast: marksman_pulse
[2m2026-02-01T00:28:37.585860Z[0m [32m INFO[0m [2mdashboard_server[0m[2m:[0m Sending to WebSocket client: 45952 bytes
[2m2026-02-01T00:28:37.585907Z[0m [32m INFO[0m [2mdashboard_server[0m[2m:[0m Sending to WebSocket client: 45952 bytes
[2m2026-02-01T00:28:46.512175Z[0m [32m INFO[0m [2mdashboard_server[0m[2m:[0m 📡 Telemetry Push: marksman_pulse
[2m2026-02-01T00:28:46.512493Z[0m [32m INFO[0m [2mdashboard_server[0m[2m:[0m Received broadcast: marksman_pulse
[2m2026-02-01T00:28:46.512523Z[0m [32m INFO[0m [2mdashboard_server[0m[2m:[0m Received broadcast: marksman_pulse
[2m2026-02-01T00:28:46.512660Z[0m [32m INFO[0m [2mdashboard_server[0m[2m:[0m Sending to WebSocket client: 45905 bytes
[2m2026-02-01T00:28:46.512800Z[0m [32m INFO[0m [2mdashboard_server[0m[2m:[0m Sending to WebSocket client: 45905 bytes
[2m2026-02-01T00:28:54.458761Z[0m [32m INFO[0m [2mdashboard_server[0m[2m:[0m 📡 Telemetry Push: marksman_pulse
[2m2026-02-01T00:28:54.459753Z[0m [32m INFO[0m [2mdashboard_server[0m[2m:[0m Received broadcast: marksman_pulse
[2m2026-02-01T00:28:54.459884Z[0m [32m INFO[0m [2mdashboard_server[0m[2m:[0m Received broadcast: marksman_pulse
[2m2026-02-01T00:28:54.459913Z[0m [32m INFO[0m [2mdashboard_server[0m[2m:[0m Sending to WebSocket client: 46081 bytes
[2m2026-02-01T00:28:54.460110Z[0m [32m INFO[0m [2mdashboard_server[0m[2m:[0m Sending to WebSocket client: 46081 bytes
[2m2026-02-01T00:29:01.754242Z[0m [32m INFO[0m [2mdashboard_server[0m[2m:[0m 📡 Telemetry Push: marksman_pulse
[2m2026-02-01T00:29:01.754697Z[0m [32m INFO[0m [2mdashboard_server[0m[2m:[0m Received broadcast: marksman_pulse
[2m2026-02-01T00:29:01.754900Z[0m [32m INFO[0m [2mdashboard_server[0m[2m:[0m Sending to WebSocket client: 45852 bytes
[2m2026-02-01T00:29:01.755435Z[0m [32m INFO[0m [2mdashboard_server[0m[2m:[0m Received broadcast: marksman_pulse
[2m2026-02-01T00:29:01.755545Z[0m [32m INFO[0m [2mdashboard_server[0m[2m:[0m Sending to WebSocket client: 45852 bytes
[2m2026-02-01T00:29:09.257254Z[0m [32m INFO[0m [2mdashboard_server[0m[2m:[0m 📡 Telemetry Push: marksman_pulse
[2m2026-02-01T00:29:09.257708Z[0m [32m INFO[0m [2mdashboard_server[0m[2m:[0m Received broadcast: marksman_pulse
[2m2026-02-01T00:29:09.257746Z[0m [32m INFO[0m [2mdashboard_server[0m[2m:[0m Received broadcast: marksman_pulse
[2m2026-02-01T00:29:09.257805Z[0m [32m INFO[0m [2mdashboard_server[0m[2m:[0m Sending to WebSocket client: 45813 bytes
[2m2026-02-01T00:29:09.257874Z[0m [32m INFO[0m [2mdashboard_server[0m[2m:[0m Sending to WebSocket client: 45813 bytes
[2m2026-02-01T00:29:16.638975Z[0m [32m INFO[0m [2mdashboard_server[0m[2m:[0m 📡 Telemetry Push: marksman_pulse
[2m2026-02-01T00:29:16.639252Z[0m [32m INFO[0m [2mdashboard_server[0m[2m:[0m Received broadcast: marksman_pulse
[2m2026-02-01T00:29:16.639289Z[0m [32m INFO[0m [2mdashboard_server[0m[2m:[0m Received broadcast: marksman_pulse
[2m2026-02-01T00:29:16.639352Z[0m [32m INFO[0m [2mdashboard_server[0m[2m:[0m Sending to WebSocket client: 46135 bytes
[2m2026-02-01T00:29:16.639422Z[0m [32m INFO[0m [2mdashboard_server[0m[2m:[0m Sending to WebSocket client: 46135 bytes
[2m2026-02-01T00:29:24.559064Z[0m [32m INFO[0m [2mdashboard_server[0m[2m:[0m WebSocket client disconnected
[2m2026-02-01T00:29:24.614570Z[0m [32m INFO[0m [2mdashboard_server[0m[2m:[0m WebSocket client connected!
[2m2026-02-01T00:29:24.615434Z[0m [32m INFO[0m [2mdashboard_server[0m[2m:[0m Subscribed to broadcast channel, receiver count: 3
[2m2026-02-01T00:29:24.615490Z[0m [32m INFO[0m [2mdashboard_server[0m[2m:[0m Send task started, waiting for broadcasts...
[2m2026-02-01T00:29:26.760156Z[0m [32m INFO[0m [2mdashboard_server[0m[2m:[0m WebSocket client connected!
[2m2026-02-01T00:29:26.760196Z[0m [32m INFO[0m [2mdashboard_server[0m[2m:[0m Subscribed to broadcast channel, receiver count: 4
[2m2026-02-01T00:29:26.760208Z[0m [32m INFO[0m [2mdashboard_server[0m[2m:[0m Send task started, waiting for broadcasts...
[2m2026-02-01T00:29:28.358667Z[0m [32m INFO[0m [2mdashboard_server[0m[2m:[0m 📡 Telemetry Push: marksman_pulse
[2m2026-02-01T00:29:28.358785Z[0m [32m INFO[0m [2mdashboard_server[0m[2m:[0m Received broadcast: marksman_pulse
[2m2026-02-01T00:29:28.358856Z[0m [32m INFO[0m [2mdashboard_server[0m[2m:[0m Received broadcast: marksman_pulse
[2m2026-02-01T00:29:28.359418Z[0m [32m INFO[0m [2mdashboard_server[0m[2m:[0m Sending to WebSocket client: 45809 bytes
[2m2026-02-01T00:29:28.359655Z[0m [32m INFO[0m [2mdashboard_server[0m[2m:[0m Sending to WebSocket client: 45809 bytes
[2m2026-02-01T00:29:28.360028Z[0m [32m INFO[0m [2mdashboard_server[0m[2m:[0m Received broadcast: marksman_pulse
[2m2026-02-01T00:29:28.360111Z[0m [32m INFO[0m [2mdashboard_server[0m[2m:[0m Sending to WebSocket client: 45809 bytes
[2m2026-02-01T00:29:38.521879Z[0m [32m INFO[0m [2mdashboard_server[0m[2m:[0m 📡 Telemetry Push: marksman_pulse
[2m2026-02-01T00:29:38.527133Z[0m [32m INFO[0m [2mdashboard_server[0m[2m:[0m Received broadcast: marksman_pulse
[2m2026-02-01T00:29:38.527388Z[0m [32m INFO[0m [2mdashboard_server[0m[2m:[0m Received broadcast: marksman_pulse
[2m2026-02-01T00:29:38.527661Z[0m [32m INFO[0m [2mdashboard_server[0m[2m:[0m Sending to WebSocket client: 45887 bytes
[2m2026-02-01T00:29:38.528099Z[0m [32m INFO[0m [2mdashboard_server[0m[2m:[0m Sending to WebSocket client: 45887 bytes
[2m2026-02-01T00:29:38.533593Z[0m [32m INFO[0m [2mdashboard_server[0m[2m:[0m Received broadcast: marksman_pulse
[2m2026-02-01T00:29:38.537531Z[0m [32m INFO[0m [2mdashboard_server[0m[2m:[0m Sending to WebSocket client: 45887 bytes
[2m2026-02-01T00:29:46.671112Z[0m [32m INFO[0m [2mdashboard_server[0m[2m:[0m 📡 Telemetry Push: marksman_pulse
[2m2026-02-01T00:29:46.671497Z[0m [32m INFO[0m [2mdashboard_server[0m[2m:[0m Received broadcast: marksman_pulse
[2m2026-02-01T00:29:46.671617Z[0m [32m INFO[0m [2mdashboard_server[0m[2m:[0m Sending to WebSocket client: 46171 bytes
[2m2026-02-01T00:29:46.687042Z[0m [32m INFO[0m [2mdashboard_server[0m[2m:[0m Received broadcast: marksman_pulse
[2m2026-02-01T00:29:46.687325Z[0m [32m INFO[0m [2mdashboard_server[0m[2m:[0m Received broadcast: marksman_pulse
[2m2026-02-01T00:29:46.687817Z[0m [32m INFO[0m [2mdashboard_server[0m[2m:[0m Sending to WebSocket client: 46171 bytes
[2m2026-02-01T00:29:46.688009Z[0m [32m INFO[0m [2mdashboard_server[0m[2m:[0m Sending to WebSocket client: 46171 bytes
[2m2026-02-01T00:29:54.324882Z[0m [32m INFO[0m [2mdashboard_server[0m[2m:[0m 📡 Telemetry Push: marksman_pulse
[2m2026-02-01T00:29:54.325114Z[0m [32m INFO[0m [2mdashboard_server[0m[2m:[0m Received broadcast: marksman_pulse
[2m2026-02-01T00:29:54.325269Z[0m [32m INFO[0m [2mdashboard_server[0m[2m:[0m Sending to WebSocket client: 46128 bytes
[2m2026-02-01T00:29:54.325371Z[0m [32m INFO[0m [2mdashboard_server[0m[2m:[0m Received broadcast: marksman_pulse
[2m2026-02-01T00:29:54.325463Z[0m [32m INFO[0m [2mdashboard_server[0m[2m:[0m Received broadcast: marksman_pulse
[2m2026-02-01T00:29:54.325499Z[0m [32m INFO[0m [2mdashboard_server[0m[2m:[0m Sending to WebSocket client: 46128 bytes
[2m2026-02-01T00:29:54.325589Z[0m [32m INFO[0m [2mdashboard_server[0m[2m:[0m Sending to WebSocket client: 46128 bytes
[2m2026-02-01T00:30:01.895391Z[0m [32m INFO[0m [2mdashboard_server[0m[2m:[0m 📡 Telemetry Push: marksman_pulse
[2m2026-02-01T00:30:01.895691Z[0m [32m INFO[0m [2mdashboard_server[0m[2m:[0m Received broadcast: marksman_pulse
[2m2026-02-01T00:30:01.895732Z[0m [32m INFO[0m [2mdashboard_server[0m[2m:[0m Received broadcast: marksman_pulse
[2m2026-02-01T00:30:01.895808Z[0m [32m INFO[0m [2mdashboard_server[0m[2m:[0m Received broadcast: marksman_pulse
[2m2026-02-01T00:30:01.895901Z[0m [32m INFO[0m [2mdashboard_server[0m[2m:[0m Sending to WebSocket client: 46120 bytes
[2m2026-02-01T00:30:01.895921Z[0m [32m INFO[0m [2mdashboard_server[0m[2m:[0m Sending to WebSocket client: 46120 bytes
[2m2026-02-01T00:30:01.895887Z[0m [32m INFO[0m [2mdashboard_server[0m[2m:[0m Sending to WebSocket client: 46120 bytes
[2m2026-02-01T00:30:09.321997Z[0m [32m INFO[0m [2mdashboard_server[0m[2m:[0m 📡 Telemetry Push: marksman_pulse
[2m2026-02-01T00:30:09.322941Z[0m [32m INFO[0m [2mdashboard_server[0m[2m:[0m Received broadcast: marksman_pulse
[2m2026-02-01T00:30:09.322973Z[0m [32m INFO[0m [2mdashboard_server[0m[2m:[0m Received broadcast: marksman_pulse
[2m2026-02-01T00:30:09.323093Z[0m [32m INFO[0m [2mdashboard_server[0m[2m:[0m Sending to WebSocket client: 45840 bytes
[2m2026-02-01T00:30:09.323366Z[0m [32m INFO[0m [2mdashboard_server[0m[2m:[0m Sending to WebSocket client: 45840 bytes
[2m2026-02-01T00:30:09.323369Z[0m [32m INFO[0m [2mdashboard_server[0m[2m:[0m Received broadcast: marksman_pulse
[2m2026-02-01T00:30:09.323502Z[0m [32m INFO[0m [2mdashboard_server[0m[2m:[0m Sending to WebSocket client: 45840 bytes
[2m2026-02-01T00:30:15.626249Z[0m [32m INFO[0m [2mdashboard_server[0m[2m:[0m WebSocket client disconnected
[2m2026-02-01T00:30:15.626379Z[0m [32m INFO[0m [2mdashboard_server[0m[2m:[0m WebSocket client disconnected
[2m2026-02-01T00:30:15.626321Z[0m [32m INFO[0m [2mdashboard_server[0m[2m:[0m WebSocket client disconnected
[2m2026-02-01T00:30:16.545526Z[0m [32m INFO[0m [2mdashboard_server[0m[2m:[0m WebSocket client connected!
[2m2026-02-01T00:30:16.545559Z[0m [32m INFO[0m [2mdashboard_server[0m[2m:[0m Subscribed to broadcast channel, receiver count: 2
[2m2026-02-01T00:30:16.545571Z[0m [32m INFO[0m [2mdashboard_server[0m[2m:[0m Send task started, waiting for broadcasts...
[2m2026-02-01T00:30:17.383581Z[0m [32m INFO[0m [2mdashboard_server[0m[2m:[0m 📡 Telemetry Push: marksman_pulse
[2m2026-02-01T00:30:17.383735Z[0m [32m INFO[0m [2mdashboard_server[0m[2m:[0m Received broadcast: marksman_pulse
[2m2026-02-01T00:30:17.383869Z[0m [32m INFO[0m [2mdashboard_server[0m[2m:[0m Sending to WebSocket client: 45833 bytes
[2m2026-02-01T00:30:18.555954Z[0m [32m INFO[0m [2mdashboard_server[0m[2m:[0m WebSocket client connected!
[2m2026-02-01T00:30:18.556047Z[0m [32m INFO[0m [2mdashboard_server[0m[2m:[0m Subscribed to broadcast channel, receiver count: 3
[2m2026-02-01T00:30:18.556089Z[0m [32m INFO[0m [2mdashboard_server[0m[2m:[0m Send task started, waiting for broadcasts...
[2m2026-02-01T00:30:25.449542Z[0m [32m INFO[0m [2mdashboard_server[0m[2m:[0m 📡 Telemetry Push: marksman_pulse
[2m2026-02-01T00:30:25.450932Z[0m [32m INFO[0m [2mdashboard_server[0m[2m:[0m Received broadcast: marksman_pulse
[2m2026-02-01T00:30:25.451792Z[0m [32m INFO[0m [2mdashboard_server[0m[2m:[0m Received broadcast: marksman_pulse
[2m2026-02-01T00:30:25.451920Z[0m [32m INFO[0m [2mdashboard_server[0m[2m:[0m Sending to WebSocket client: 45904 bytes
[2m2026-02-01T00:30:25.452663Z[0m [32m INFO[0m [2mdashboard_server[0m[2m:[0m Sending to WebSocket client: 45904 bytes
[2m2026-02-01T00:30:33.078732Z[0m [32m INFO[0m [2mdashboard_server[0m[2m:[0m 📡 Telemetry Push: marksman_pulse
[2m2026-02-01T00:30:33.078844Z[0m [32m INFO[0m [2mdashboard_server[0m[2m:[0m Received broadcast: marksman_pulse
[2m2026-02-01T00:30:33.078940Z[0m [32m INFO[0m [2mdashboard_server[0m[2m:[0m Sending to WebSocket client: 45868 bytes
[2m2026-02-01T00:30:33.078942Z[0m [32m INFO[0m [2mdashboard_server[0m[2m:[0m Received broadcast: marksman_pulse
[2m2026-02-01T00:30:33.079146Z[0m [32m INFO[0m [2mdashboard_server[0m[2m:[0m Sending to WebSocket client: 45868 bytes
[2m2026-02-01T00:30:40.717866Z[0m [32m INFO[0m [2mdashboard_server[0m[2m:[0m 📡 Telemetry Push: marksman_pulse
[2m2026-02-01T00:30:40.718406Z[0m [32m INFO[0m [2mdashboard_server[0m[2m:[0m Received broadcast: marksman_pulse
[2m2026-02-01T00:30:40.718564Z[0m [32m INFO[0m [2mdashboard_server[0m[2m:[0m Sending to WebSocket client: 45845 bytes
[2m2026-02-01T00:30:40.718779Z[0m [32m INFO[0m [2mdashboard_server[0m[2m:[0m Received broadcast: marksman_pulse
[2m2026-02-01T00:30:40.719141Z[0m [32m INFO[0m [2mdashboard_server[0m[2m:[0m Sending to WebSocket client: 45845 bytes
[2m2026-02-01T00:30:48.115065Z[0m [32m INFO[0m [2mdashboard_server[0m[2m:[0m 📡 Telemetry Push: marksman_pulse
[2m2026-02-01T00:30:48.115221Z[0m [32m INFO[0m [2mdashboard_server[0m[2m:[0m Received broadcast: marksman_pulse
[2m2026-02-01T00:30:48.115301Z[0m [32m INFO[0m [2mdashboard_server[0m[2m:[0m Received broadcast: marksman_pulse
[2m2026-02-01T00:30:48.115352Z[0m [32m INFO[0m [2mdashboard_server[0m[2m:[0m Sending to WebSocket client: 46210 bytes
[2m2026-02-01T00:30:48.115443Z[0m [32m INFO[0m [2mdashboard_server[0m[2m:[0m Sending to WebSocket client: 46210 bytes
[2m2026-02-01T00:30:56.279763Z[0m [32m INFO[0m [2mdashboard_server[0m[2m:[0m 📡 Telemetry Push: marksman_pulse
[2m2026-02-01T00:30:56.279888Z[0m [32m INFO[0m [2mdashboard_server[0m[2m:[0m Received broadcast: marksman_pulse
[2m2026-02-01T00:30:56.279957Z[0m [32m INFO[0m [2mdashboard_server[0m[2m:[0m Received broadcast: marksman_pulse
[2m2026-02-01T00:30:56.279998Z[0m [32m INFO[0m [2mdashboard_server[0m[2m:[0m Sending to WebSocket client: 46083 bytes
[2m2026-02-01T00:30:56.280126Z[0m [32m INFO[0m [2mdashboard_server[0m[2m:[0m Sending to WebSocket client: 46083 bytes
[2m2026-02-01T00:31:03.827390Z[0m [32m INFO[0m [2mdashboard_server[0m[2m:[0m 📡 Telemetry Push: marksman_pulse
[2m2026-02-01T00:31:03.827638Z[0m [32m INFO[0m [2mdashboard_server[0m[2m:[0m Received broadcast: marksman_pulse
[2m2026-02-01T00:31:03.827754Z[0m [32m INFO[0m [2mdashboard_server[0m[2m:[0m Sending to WebSocket client: 45862 bytes
[2m2026-02-01T00:31:03.827969Z[0m [32m INFO[0m [2mdashboard_server[0m[2m:[0m Received broadcast: marksman_pulse
[2m2026-02-01T00:31:03.828088Z[0m [32m INFO[0m [2mdashboard_server[0m[2m:[0m Sending to WebSocket client: 45862 bytes
[2m2026-02-01T00:31:12.169411Z[0m [32m INFO[0m [2mdashboard_server[0m[2m:[0m 📡 Telemetry Push: marksman_pulse
[2m2026-02-01T00:31:12.169542Z[0m [32m INFO[0m [2mdashboard_server[0m[2m:[0m Received broadcast: marksman_pulse
[2m2026-02-01T00:31:12.169560Z[0m [32m INFO[0m [2mdashboard_server[0m[2m:[0m Received broadcast: marksman_pulse
[2m2026-02-01T00:31:12.169673Z[0m [32m INFO[0m [2mdashboard_server[0m[2m:[0m Sending to WebSocket client: 45983 bytes
[2m2026-02-01T00:31:12.170012Z[0m [32m INFO[0m [2mdashboard_server[0m[2m:[0m Sending to WebSocket client: 45983 bytes
[2m2026-02-01T00:31:15.825587Z[0m [32m INFO[0m [2mdashboard_server[0m[2m:[0m WebSocket client disconnected
[2m2026-02-01T00:31:15.843659Z[0m [32m INFO[0m [2mdashboard_server[0m[2m:[0m WebSocket client connected!
[2m2026-02-01T00:31:15.843782Z[0m [32m INFO[0m [2mdashboard_server[0m[2m:[0m Subscribed to broadcast channel, receiver count: 3
[2m2026-02-01T00:31:15.843816Z[0m [32m INFO[0m [2mdashboard_server[0m[2m:[0m Send task started, waiting for broadcasts...
[2m2026-02-01T00:31:17.918295Z[0m [32m INFO[0m [2mdashboard_server[0m[2m:[0m WebSocket client connected!
[2m2026-02-01T00:31:17.918354Z[0m [32m INFO[0m [2mdashboard_server[0m[2m:[0m Subscribed to broadcast channel, receiver count: 4
[2m2026-02-01T00:31:17.918419Z[0m [32m INFO[0m [2mdashboard_server[0m[2m:[0m Send task started, waiting for broadcasts...
[2m2026-02-01T00:31:22.482941Z[0m [32m INFO[0m [2mdashboard_server[0m[2m:[0m 📡 Telemetry Push: marksman_pulse
[2m2026-02-01T00:31:22.484761Z[0m [32m INFO[0m [2mdashboard_server[0m[2m:[0m Received broadcast: marksman_pulse
[2m2026-02-01T00:31:22.484824Z[0m [32m INFO[0m [2mdashboard_server[0m[2m:[0m Received broadcast: marksman_pulse
[2m2026-02-01T00:31:22.484918Z[0m [32m INFO[0m [2mdashboard_server[0m[2m:[0m Sending to WebSocket client: 45914 bytes
[2m2026-02-01T00:31:22.485570Z[0m [32m INFO[0m [2mdashboard_server[0m[2m:[0m Sending to WebSocket client: 45914 bytes
[2m2026-02-01T00:31:22.486242Z[0m [32m INFO[0m [2mdashboard_server[0m[2m:[0m Received broadcast: marksman_pulse
[2m2026-02-01T00:31:22.487089Z[0m [32m INFO[0m [2mdashboard_server[0m[2m:[0m Sending to WebSocket client: 45914 bytes
[2m2026-02-01T00:31:51.191276Z[0m [32m INFO[0m [2mdashboard_server[0m[2m:[0m 📡 Telemetry Push: marksman_pulse
[2m2026-02-01T00:31:51.203630Z[0m [32m INFO[0m [2mdashboard_server[0m[2m:[0m Received broadcast: marksman_pulse
[2m2026-02-01T00:31:51.203815Z[0m [32m INFO[0m [2mdashboard_server[0m[2m:[0m Sending to WebSocket client: 46186 bytes
[2m2026-02-01T00:31:51.205457Z[0m [32m INFO[0m [2mdashboard_server[0m[2m:[0m Received broadcast: marksman_pulse
[2m2026-02-01T00:31:51.205711Z[0m [32m INFO[0m [2mdashboard_server[0m[2m:[0m Received broadcast: marksman_pulse
[2m2026-02-01T00:31:51.205917Z[0m [32m INFO[0m [2mdashboard_server[0m[2m:[0m Sending to WebSocket client: 46186 bytes
[2m2026-02-01T00:31:51.208902Z[0m [32m INFO[0m [2mdashboard_server[0m[2m:[0m Sending to WebSocket client: 46186 bytes
[2m2026-02-01T00:32:15.872858Z[0m [32m INFO[0m [2mdashboard_server[0m[2m:[0m 📡 Telemetry Push: marksman_pulse
[2m2026-02-01T00:32:16.140972Z[0m [32m INFO[0m [2mdashboard_server[0m[2m:[0m Received broadcast: marksman_pulse
[2m2026-02-01T00:32:16.141009Z[0m [32m INFO[0m [2mdashboard_server[0m[2m:[0m Received broadcast: marksman_pulse
[2m2026-02-01T00:32:16.143905Z[0m [32m INFO[0m [2mdashboard_server[0m[2m:[0m Received broadcast: marksman_pulse
[2m2026-02-01T00:32:16.143997Z[0m [32m INFO[0m [2mdashboard_server[0m[2m:[0m Sending to WebSocket client: 45867 bytes
[2m2026-02-01T00:32:16.144310Z[0m [32m INFO[0m [2mdashboard_server[0m[2m:[0m Sending to WebSocket client: 45867 bytes
[2m2026-02-01T00:32:16.146466Z[0m [32m INFO[0m [2mdashboard_server[0m[2m:[0m Sending to WebSocket client: 45867 bytes
[2m2026-02-01T00:32:34.464124Z[0m [32m INFO[0m [2mdashboard_server[0m[2m:[0m 📡 Telemetry Push: marksman_pulse
[2m2026-02-01T00:32:34.465583Z[0m [32m INFO[0m [2mdashboard_server[0m[2m:[0m Received broadcast: marksman_pulse
[2m2026-02-01T00:32:34.465683Z[0m [32m INFO[0m [2mdashboard_server[0m[2m:[0m Sending to WebSocket client: 45991 bytes
[2m2026-02-01T00:32:34.466056Z[0m [32m INFO[0m [2mdashboard_server[0m[2m:[0m Received broadcast: marksman_pulse
[2m2026-02-01T00:32:34.466107Z[0m [32m INFO[0m [2mdashboard_server[0m[2m:[0m Received broadcast: marksman_pulse
[2m2026-02-01T00:32:34.466219Z[0m [32m INFO[0m [2mdashboard_server[0m[2m:[0m Sending to WebSocket client: 45991 bytes
[2m2026-02-01T00:32:34.466625Z[0m [32m INFO[0m [2mdashboard_server[0m[2m:[0m Sending to WebSocket client: 45991 bytes
[2m2026-02-01T00:32:39.053710Z[0m [32m INFO[0m [2mdashboard_server[0m[2m:[0m WebSocket client disconnected
[2m2026-02-01T00:32:39.075275Z[0m [32m INFO[0m [2mdashboard_server[0m[2m:[0m WebSocket client connected!
[2m2026-02-01T00:32:39.075315Z[0m [32m INFO[0m [2mdashboard_server[0m[2m:[0m Subscribed to broadcast channel, receiver count: 4
[2m2026-02-01T00:32:39.075341Z[0m [32m INFO[0m [2mdashboard_server[0m[2m:[0m Send task started, waiting for broadcasts...
[2m2026-02-01T00:32:43.752623Z[0m [32m INFO[0m [2mdashboard_server[0m[2m:[0m 📡 Telemetry Push: marksman_pulse
[2m2026-02-01T00:32:43.753991Z[0m [32m INFO[0m [2mdashboard_server[0m[2m:[0m Received broadcast: marksman_pulse
[2m2026-02-01T00:32:43.754063Z[0m [32m INFO[0m [2mdashboard_server[0m[2m:[0m Received broadcast: marksman_pulse
[2m2026-02-01T00:32:43.754191Z[0m [32m INFO[0m [2mdashboard_server[0m[2m:[0m Sending to WebSocket client: 46018 bytes
[2m2026-02-01T00:32:43.754646Z[0m [32m INFO[0m [2mdashboard_server[0m[2m:[0m Sending to WebSocket client: 46018 bytes
[2m2026-02-01T00:32:43.754695Z[0m [32m INFO[0m [2mdashboard_server[0m[2m:[0m Received broadcast: marksman_pulse
[2m2026-02-01T00:32:43.754849Z[0m [32m INFO[0m [2mdashboard_server[0m[2m:[0m Sending to WebSocket client: 46018 bytes
[2m2026-02-01T00:32:44.624233Z[0m [32m INFO[0m [2mdashboard_server[0m[2m:[0m WebSocket client connected!
[2m2026-02-01T00:32:44.624292Z[0m [32m INFO[0m [2mdashboard_server[0m[2m:[0m Subscribed to broadcast channel, receiver count: 5
[2m2026-02-01T00:32:44.624315Z[0m [32m INFO[0m [2mdashboard_server[0m[2m:[0m Send task started, waiting for broadcasts...
[2m2026-02-01T00:32:54.361309Z[0m [32m INFO[0m [2mdashboard_server[0m[2m:[0m WebSocket client disconnected
[2m2026-02-01T00:32:54.361317Z[0m [32m INFO[0m [2mdashboard_server[0m[2m:[0m WebSocket client disconnected
[2m2026-02-01T00:32:54.361311Z[0m [32m INFO[0m [2mdashboard_server[0m[2m:[0m WebSocket client disconnected
[2m2026-02-01T00:32:54.361734Z[0m [32m INFO[0m [2mdashboard_server[0m[2m:[0m WebSocket client disconnected
[2m2026-02-01T00:32:55.772272Z[0m [32m INFO[0m [2mdashboard_server[0m[2m:[0m WebSocket client connected!
[2m2026-02-01T00:32:55.772304Z[0m [32m INFO[0m [2mdashboard_server[0m[2m:[0m Subscribed to broadcast channel, receiver count: 2
[2m2026-02-01T00:32:55.772315Z[0m [32m INFO[0m [2mdashboard_server[0m[2m:[0m Send task started, waiting for broadcasts...
[2m2026-02-01T00:32:57.777748Z[0m [32m INFO[0m [2mdashboard_server[0m[2m:[0m WebSocket client connected!
[2m2026-02-01T00:32:57.777788Z[0m [32m INFO[0m [2mdashboard_server[0m[2m:[0m Subscribed to broadcast channel, receiver count: 3
[2m2026-02-01T00:32:57.777802Z[0m [32m INFO[0m [2mdashboard_server[0m[2m:[0m Send task started, waiting for broadcasts...
[2m2026-02-01T00:32:58.444370Z[0m [32m INFO[0m [2mdashboard_server[0m[2m:[0m 📡 Telemetry Push: marksman_pulse
[2m2026-02-01T00:32:58.445303Z[0m [32m INFO[0m [2mdashboard_server[0m[2m:[0m Received broadcast: marksman_pulse
[2m2026-02-01T00:32:58.446429Z[0m [32m INFO[0m [2mdashboard_server[0m[2m:[0m Received broadcast: marksman_pulse
[2m2026-02-01T00:32:58.447992Z[0m [32m INFO[0m [2mdashboard_server[0m[2m:[0m Sending to WebSocket client: 45835 bytes
[2m2026-02-01T00:32:58.448536Z[0m [32m INFO[0m [2mdashboard_server[0m[2m:[0m Sending to WebSocket client: 45835 bytes
[2m2026-02-01T00:33:12.150635Z[0m [32m INFO[0m [2mdashboard_server[0m[2m:[0m 📡 Telemetry Push: marksman_pulse
[2m2026-02-01T00:33:12.151403Z[0m [32m INFO[0m [2mdashboard_server[0m[2m:[0m Received broadcast: marksman_pulse
[2m2026-02-01T00:33:12.151544Z[0m [32m INFO[0m [2mdashboard_server[0m[2m:[0m Received broadcast: marksman_pulse
[2m2026-02-01T00:33:12.151618Z[0m [32m INFO[0m [2mdashboard_server[0m[2m:[0m Sending to WebSocket client: 46160 bytes
[2m2026-02-01T00:33:12.151932Z[0m [32m INFO[0m [2mdashboard_server[0m[2m:[0m Sending to WebSocket client: 46160 bytes
[2m2026-02-01T00:33:20.687730Z[0m [32m INFO[0m [2mdashboard_server[0m[2m:[0m 📡 Telemetry Push: marksman_pulse
[2m2026-02-01T00:33:20.688642Z[0m [32m INFO[0m [2mdashboard_server[0m[2m:[0m Received broadcast: marksman_pulse
[2m2026-02-01T00:33:20.688775Z[0m [32m INFO[0m [2mdashboard_server[0m[2m:[0m Sending to WebSocket client: 46075 bytes
[2m2026-02-01T00:33:20.689057Z[0m [32m INFO[0m [2mdashboard_server[0m[2m:[0m Received broadcast: marksman_pulse
[2m2026-02-01T00:33:20.689145Z[0m [32m INFO[0m [2mdashboard_server[0m[2m:[0m Sending to WebSocket client: 46075 bytes
[2m2026-02-01T00:33:28.090348Z[0m [32m INFO[0m [2mdashboard_server[0m[2m:[0m 📡 Telemetry Push: marksman_pulse
[2m2026-02-01T00:33:28.090800Z[0m [32m INFO[0m [2mdashboard_server[0m[2m:[0m Received broadcast: marksman_pulse
[2m2026-02-01T00:33:28.090925Z[0m [32m INFO[0m [2mdashboard_server[0m[2m:[0m Sending to WebSocket client: 46125 bytes
[2m2026-02-01T00:33:28.091196Z[0m [32m INFO[0m [2mdashboard_server[0m[2m:[0m Received broadcast: marksman_pulse
[2m2026-02-01T00:33:28.091283Z[0m [32m INFO[0m [2mdashboard_server[0m[2m:[0m Sending to WebSocket client: 46125 bytes
[2m2026-02-01T00:33:35.432160Z[0m [32m INFO[0m [2mdashboard_server[0m[2m:[0m 📡 Telemetry Push: marksman_pulse
[2m2026-02-01T00:33:35.432635Z[0m [32m INFO[0m [2mdashboard_server[0m[2m:[0m Received broadcast: marksman_pulse
[2m2026-02-01T00:33:35.432785Z[0m [32m INFO[0m [2mdashboard_server[0m[2m:[0m Sending to WebSocket client: 46177 bytes
[2m2026-02-01T00:33:35.433135Z[0m [32m INFO[0m [2mdashboard_server[0m[2m:[0m Received broadcast: marksman_pulse
[2m2026-02-01T00:33:35.433366Z[0m [32m INFO[0m [2mdashboard_server[0m[2m:[0m Sending to WebSocket client: 46177 bytes
[2m2026-02-01T00:33:42.836632Z[0m [32m INFO[0m [2mdashboard_server[0m[2m:[0m 📡 Telemetry Push: marksman_pulse
[2m2026-02-01T00:33:42.838594Z[0m [32m INFO[0m [2mdashboard_server[0m[2m:[0m Received broadcast: marksman_pulse
[2m2026-02-01T00:33:42.839588Z[0m [32m INFO[0m [2mdashboard_server[0m[2m:[0m Received broadcast: marksman_pulse
[2m2026-02-01T00:33:42.839889Z[0m [32m INFO[0m [2mdashboard_server[0m[2m:[0m Sending to WebSocket client: 45998 bytes
[2m2026-02-01T00:33:42.840505Z[0m [32m INFO[0m [2mdashboard_server[0m[2m:[0m Sending to WebSocket client: 45998 bytes
[2m2026-02-01T00:33:50.376330Z[0m [32m INFO[0m [2mdashboard_server[0m[2m:[0m 📡 Telemetry Push: marksman_pulse
[2m2026-02-01T00:33:50.376709Z[0m [32m INFO[0m [2mdashboard_server[0m[2m:[0m Received broadcast: marksman_pulse
[2m2026-02-01T00:33:50.376749Z[0m [32m INFO[0m [2mdashboard_server[0m[2m:[0m Received broadcast: marksman_pulse
[2m2026-02-01T00:33:50.376836Z[0m [32m INFO[0m [2mdashboard_server[0m[2m:[0m Sending to WebSocket client: 45863 bytes
[2m2026-02-01T00:33:50.376850Z[0m [32m INFO[0m [2mdashboard_server[0m[2m:[0m Sending to WebSocket client: 45863 bytes
[2m2026-02-01T00:33:58.554431Z[0m [32m INFO[0m [2mdashboard_server[0m[2m:[0m 📡 Telemetry Push: marksman_pulse
[2m2026-02-01T00:33:58.554714Z[0m [32m INFO[0m [2mdashboard_server[0m[2m:[0m Received broadcast: marksman_pulse
[2m2026-02-01T00:33:58.554848Z[0m [32m INFO[0m [2mdashboard_server[0m[2m:[0m Sending to WebSocket client: 45720 bytes
[2m2026-02-01T00:33:58.555015Z[0m [32m INFO[0m [2mdashboard_server[0m[2m:[0m Received broadcast: marksman_pulse
[2m2026-02-01T00:33:58.555134Z[0m [32m INFO[0m [2mdashboard_server[0m[2m:[0m Sending to WebSocket client: 45720 bytes
[2m2026-02-01T00:34:06.604690Z[0m [32m INFO[0m [2mdashboard_server[0m[2m:[0m 📡 Telemetry Push: marksman_pulse
[2m2026-02-01T00:34:06.605619Z[0m [32m INFO[0m [2mdashboard_server[0m[2m:[0m Received broadcast: marksman_pulse
[2m2026-02-01T00:34:06.605746Z[0m [32m INFO[0m [2mdashboard_server[0m[2m:[0m Received broadcast: marksman_pulse
[2m2026-02-01T00:34:06.605767Z[0m [32m INFO[0m [2mdashboard_server[0m[2m:[0m Sending to WebSocket client: 46132 bytes
[2m2026-02-01T00:34:06.606061Z[0m [32m INFO[0m [2mdashboard_server[0m[2m:[0m Sending to WebSocket client: 46132 bytes
[2m2026-02-01T00:34:14.080495Z[0m [32m INFO[0m [2mdashboard_server[0m[2m:[0m 📡 Telemetry Push: marksman_pulse
[2m2026-02-01T00:34:14.080638Z[0m [32m INFO[0m [2mdashboard_server[0m[2m:[0m Received broadcast: marksman_pulse
[2m2026-02-01T00:34:14.080652Z[0m [32m INFO[0m [2mdashboard_server[0m[2m:[0m Received broadcast: marksman_pulse
[2m2026-02-01T00:34:14.080742Z[0m [32m INFO[0m [2mdashboard_server[0m[2m:[0m Sending to WebSocket client: 46117 bytes
[2m2026-02-01T00:34:14.080751Z[0m [32m INFO[0m [2mdashboard_server[0m[2m:[0m Sending to WebSocket client: 46117 bytes
[2m2026-02-01T00:34:21.927913Z[0m [32m INFO[0m [2mdashboard_server[0m[2m:[0m 📡 Telemetry Push: marksman_pulse
[2m2026-02-01T00:34:21.931789Z[0m [32m INFO[0m [2mdashboard_server[0m[2m:[0m Received broadcast: marksman_pulse
[2m2026-02-01T00:34:21.931806Z[0m [32m INFO[0m [2mdashboard_server[0m[2m:[0m Received broadcast: marksman_pulse
[2m2026-02-01T00:34:21.931909Z[0m [32m INFO[0m [2mdashboard_server[0m[2m:[0m Sending to WebSocket client: 46072 bytes
[2m2026-02-01T00:34:21.931913Z[0m [32m INFO[0m [2mdashboard_server[0m[2m:[0m Sending to WebSocket client: 46072 bytes
[2m2026-02-01T00:34:29.714115Z[0m [32m INFO[0m [2mdashboard_server[0m[2m:[0m 📡 Telemetry Push: marksman_pulse
[2m2026-02-01T00:34:29.715475Z[0m [32m INFO[0m [2mdashboard_server[0m[2m:[0m Received broadcast: marksman_pulse
[2m2026-02-01T00:34:29.715512Z[0m [32m INFO[0m [2mdashboard_server[0m[2m:[0m Received broadcast: marksman_pulse
[2m2026-02-01T00:34:29.715648Z[0m [32m INFO[0m [2mdashboard_server[0m[2m:[0m Sending to WebSocket client: 46134 bytes
[2m2026-02-01T00:34:29.715661Z[0m [32m INFO[0m [2mdashboard_server[0m[2m:[0m Sending to WebSocket client: 46134 bytes
[2m2026-02-01T00:34:37.163837Z[0m [32m INFO[0m [2mdashboard_server[0m[2m:[0m 📡 Telemetry Push: marksman_pulse
[2m2026-02-01T00:34:37.164929Z[0m [32m INFO[0m [2mdashboard_server[0m[2m:[0m Received broadcast: marksman_pulse
[2m2026-02-01T00:34:37.165006Z[0m [32m INFO[0m [2mdashboard_server[0m[2m:[0m Received broadcast: marksman_pulse
[2m2026-02-01T00:34:37.165079Z[0m [32m INFO[0m [2mdashboard_server[0m[2m:[0m Sending to WebSocket client: 46036 bytes
[2m2026-02-01T00:34:37.165105Z[0m [32m INFO[0m [2mdashboard_server[0m[2m:[0m Sending to WebSocket client: 46036 bytes
[2m2026-02-01T00:34:44.632195Z[0m [32m INFO[0m [2mdashboard_server[0m[2m:[0m 📡 Telemetry Push: marksman_pulse
[2m2026-02-01T00:34:44.634723Z[0m [32m INFO[0m [2mdashboard_server[0m[2m:[0m Received broadcast: marksman_pulse
[2m2026-02-01T00:34:44.634772Z[0m [32m INFO[0m [2mdashboard_server[0m[2m:[0m Received broadcast: marksman_pulse
[2m2026-02-01T00:34:44.634829Z[0m [32m INFO[0m [2mdashboard_server[0m[2m:[0m Sending to WebSocket client: 45717 bytes
[2m2026-02-01T00:34:44.634882Z[0m [32m INFO[0m [2mdashboard_server[0m[2m:[0m Sending to WebSocket client: 45717 bytes
[2m2026-02-01T00:34:52.105053Z[0m [32m INFO[0m [2mdashboard_server[0m[2m:[0m 📡 Telemetry Push: marksman_pulse
[2m2026-02-01T00:34:52.106023Z[0m [32m INFO[0m [2mdashboard_server[0m[2m:[0m Received broadcast: marksman_pulse
[2m2026-02-01T00:34:52.106088Z[0m [32m INFO[0m [2mdashboard_server[0m[2m:[0m Received broadcast: marksman_pulse
[2m2026-02-01T00:34:52.106162Z[0m [32m INFO[0m [2mdashboard_server[0m[2m:[0m Sending to WebSocket client: 46013 bytes
[2m2026-02-01T00:34:52.106206Z[0m [32m INFO[0m [2mdashboard_server[0m[2m:[0m Sending to WebSocket client: 46013 bytes
[2m2026-02-01T00:34:59.597257Z[0m [32m INFO[0m [2mdashboard_server[0m[2m:[0m 📡 Telemetry Push: marksman_pulse
[2m2026-02-01T00:34:59.598794Z[0m [32m INFO[0m [2mdashboard_server[0m[2m:[0m Received broadcast: marksman_pulse
[2m2026-02-01T00:34:59.598882Z[0m [32m INFO[0m [2mdashboard_server[0m[2m:[0m Received broadcast: marksman_pulse
[2m2026-02-01T00:34:59.598925Z[0m [32m INFO[0m [2mdashboard_server[0m[2m:[0m Sending to WebSocket client: 45903 bytes
[2m2026-02-01T00:34:59.599042Z[0m [32m INFO[0m [2mdashboard_server[0m[2m:[0m Sending to WebSocket client: 45903 bytes
[2m2026-02-01T00:35:07.254433Z[0m [32m INFO[0m [2mdashboard_server[0m[2m:[0m 📡 Telemetry Push: marksman_pulse
[2m2026-02-01T00:35:07.256312Z[0m [32m INFO[0m [2mdashboard_server[0m[2m:[0m Received broadcast: marksman_pulse
[2m2026-02-01T00:35:07.256447Z[0m [32m INFO[0m [2mdashboard_server[0m[2m:[0m Sending to WebSocket client: 46105 bytes
[2m2026-02-01T00:35:07.256452Z[0m [32m INFO[0m [2mdashboard_server[0m[2m:[0m Received broadcast: marksman_pulse
[2m2026-02-01T00:35:07.256558Z[0m [32m INFO[0m [2mdashboard_server[0m[2m:[0m Sending to WebSocket client: 46105 bytes
[2m2026-02-01T00:35:14.549575Z[0m [32m INFO[0m [2mdashboard_server[0m[2m:[0m 📡 Telemetry Push: marksman_pulse
[2m2026-02-01T00:35:14.550836Z[0m [32m INFO[0m [2mdashboard_server[0m[2m:[0m Received broadcast: marksman_pulse
[2m2026-02-01T00:35:14.550872Z[0m [32m INFO[0m [2mdashboard_server[0m[2m:[0m Received broadcast: marksman_pulse
[2m2026-02-01T00:35:14.550932Z[0m [32m INFO[0m [2mdashboard_server[0m[2m:[0m Sending to WebSocket client: 46186 bytes
[2m2026-02-01T00:35:14.550994Z[0m [32m INFO[0m [2mdashboard_server[0m[2m:[0m Sending to WebSocket client: 46186 bytes
[2m2026-02-01T00:35:22.668168Z[0m [32m INFO[0m [2mdashboard_server[0m[2m:[0m 📡 Telemetry Push: marksman_pulse
[2m2026-02-01T00:35:22.669980Z[0m [32m INFO[0m [2mdashboard_server[0m[2m:[0m Received broadcast: marksman_pulse
[2m2026-02-01T00:35:22.670164Z[0m [32m INFO[0m [2mdashboard_server[0m[2m:[0m Sending to WebSocket client: 46096 bytes
[2m2026-02-01T00:35:22.670578Z[0m [32m INFO[0m [2mdashboard_server[0m[2m:[0m Received broadcast: marksman_pulse
[2m2026-02-01T00:35:22.670801Z[0m [32m INFO[0m [2mdashboard_server[0m[2m:[0m Sending to WebSocket client: 46096 bytes
[2m2026-02-01T00:35:30.505854Z[0m [32m INFO[0m [2mdashboard_server[0m[2m:[0m 📡 Telemetry Push: marksman_pulse
[2m2026-02-01T00:35:30.509810Z[0m [32m INFO[0m [2mdashboard_server[0m[2m:[0m Received broadcast: marksman_pulse
[2m2026-02-01T00:35:30.509936Z[0m [32m INFO[0m [2mdashboard_server[0m[2m:[0m Received broadcast: marksman_pulse
[2m2026-02-01T00:35:30.510024Z[0m [32m INFO[0m [2mdashboard_server[0m[2m:[0m Sending to WebSocket client: 45855 bytes
[2m2026-02-01T00:35:30.510380Z[0m [32m INFO[0m [2mdashboard_server[0m[2m:[0m Sending to WebSocket client: 45855 bytes
[2m2026-02-01T00:35:37.691266Z[0m [32m INFO[0m [2mdashboard_server[0m[2m:[0m 📡 Telemetry Push: marksman_pulse
[2m2026-02-01T00:35:37.692881Z[0m [32m INFO[0m [2mdashboard_server[0m[2m:[0m Received broadcast: marksman_pulse
[2m2026-02-01T00:35:37.692905Z[0m [32m INFO[0m [2mdashboard_server[0m[2m:[0m Received broadcast: marksman_pulse
[2m2026-02-01T00:35:37.692992Z[0m [32m INFO[0m [2mdashboard_server[0m[2m:[0m Sending to WebSocket client: 46227 bytes
[2m2026-02-01T00:35:37.693039Z[0m [32m INFO[0m [2mdashboard_server[0m[2m:[0m Sending to WebSocket client: 46227 bytes
[2m2026-02-01T00:35:44.974652Z[0m [32m INFO[0m [2mdashboard_server[0m[2m:[0m 📡 Telemetry Push: marksman_pulse
[2m2026-02-01T00:35:44.975045Z[0m [32m INFO[0m [2mdashboard_server[0m[2m:[0m Received broadcast: marksman_pulse
[2m2026-02-01T00:35:44.975078Z[0m [32m INFO[0m [2mdashboard_server[0m[2m:[0m Received broadcast: marksman_pulse
[2m2026-02-01T00:35:44.975140Z[0m [32m INFO[0m [2mdashboard_server[0m[2m:[0m Sending to WebSocket client: 45852 bytes
[2m2026-02-01T00:35:44.975190Z[0m [32m INFO[0m [2mdashboard_server[0m[2m:[0m Sending to WebSocket client: 45852 bytes
[2m2026-02-01T00:35:52.672437Z[0m [32m INFO[0m [2mdashboard_server[0m[2m:[0m 📡 Telemetry Push: marksman_pulse
[2m2026-02-01T00:35:52.674479Z[0m [32m INFO[0m [2mdashboard_server[0m[2m:[0m Received broadcast: marksman_pulse
[2m2026-02-01T00:35:52.674595Z[0m [32m INFO[0m [2mdashboard_server[0m[2m:[0m Received broadcast: marksman_pulse
[2m2026-02-01T00:35:52.674655Z[0m [32m INFO[0m [2mdashboard_server[0m[2m:[0m Sending to WebSocket client: 46191 bytes
[2m2026-02-01T00:35:52.674726Z[0m [32m INFO[0m [2mdashboard_server[0m[2m:[0m Sending to WebSocket client: 46191 bytes
[2m2026-02-01T00:36:00.283955Z[0m [32m INFO[0m [2mdashboard_server[0m[2m:[0m 📡 Telemetry Push: marksman_pulse
[2m2026-02-01T00:36:00.285202Z[0m [32m INFO[0m [2mdashboard_server[0m[2m:[0m Received broadcast: marksman_pulse
[2m2026-02-01T00:36:00.285224Z[0m [32m INFO[0m [2mdashboard_server[0m[2m:[0m Received broadcast: marksman_pulse
[2m2026-02-01T00:36:00.285308Z[0m [32m INFO[0m [2mdashboard_server[0m[2m:[0m Sending to WebSocket client: 46214 bytes
[2m2026-02-01T00:36:00.285330Z[0m [32m INFO[0m [2mdashboard_server[0m[2m:[0m Sending to WebSocket client: 46214 bytes
[2m2026-02-01T00:36:07.794695Z[0m [32m INFO[0m [2mdashboard_server[0m[2m:[0m 📡 Telemetry Push: marksman_pulse
[2m2026-02-01T00:36:07.795566Z[0m [32m INFO[0m [2mdashboard_server[0m[2m:[0m Received broadcast: marksman_pulse
[2m2026-02-01T00:36:07.795605Z[0m [32m INFO[0m [2mdashboard_server[0m[2m:[0m Received broadcast: marksman_pulse
[2m2026-02-01T00:36:07.795670Z[0m [32m INFO[0m [2mdashboard_server[0m[2m:[0m Sending to WebSocket client: 45950 bytes
[2m2026-02-01T00:36:07.795836Z[0m [32m INFO[0m [2mdashboard_server[0m[2m:[0m Sending to WebSocket client: 45950 bytes
[2m2026-02-01T00:36:15.256079Z[0m [32m INFO[0m [2mdashboard_server[0m[2m:[0m 📡 Telemetry Push: marksman_pulse
[2m2026-02-01T00:36:15.257667Z[0m [32m INFO[0m [2mdashboard_server[0m[2m:[0m Received broadcast: marksman_pulse
[2m2026-02-01T00:36:15.257739Z[0m [32m INFO[0m [2mdashboard_server[0m[2m:[0m Received broadcast: marksman_pulse
[2m2026-02-01T00:36:15.257973Z[0m [32m INFO[0m [2mdashboard_server[0m[2m:[0m Sending to WebSocket client: 45875 bytes
[2m2026-02-01T00:36:15.258056Z[0m [32m INFO[0m [2mdashboard_server[0m[2m:[0m Sending to WebSocket client: 45875 bytes
[2m2026-02-01T00:36:23.053086Z[0m [32m INFO[0m [2mdashboard_server[0m[2m:[0m 📡 Telemetry Push: marksman_pulse
[2m2026-02-01T00:36:23.055968Z[0m [32m INFO[0m [2mdashboard_server[0m[2m:[0m Received broadcast: marksman_pulse
[2m2026-02-01T00:36:23.056071Z[0m [32m INFO[0m [2mdashboard_server[0m[2m:[0m Received broadcast: marksman_pulse
[2m2026-02-01T00:36:23.056171Z[0m [32m INFO[0m [2mdashboard_server[0m[2m:[0m Sending to WebSocket client: 45882 bytes
[2m2026-02-01T00:36:23.056181Z[0m [32m INFO[0m [2mdashboard_server[0m[2m:[0m Sending to WebSocket client: 45882 bytes
[2m2026-02-01T00:36:30.775540Z[0m [32m INFO[0m [2mdashboard_server[0m[2m:[0m 📡 Telemetry Push: marksman_pulse
[2m2026-02-01T00:36:30.777107Z[0m [32m INFO[0m [2mdashboard_server[0m[2m:[0m Received broadcast: marksman_pulse
[2m2026-02-01T00:36:30.777134Z[0m [32m INFO[0m [2mdashboard_server[0m[2m:[0m Received broadcast: marksman_pulse
[2m2026-02-01T00:36:30.777256Z[0m [32m INFO[0m [2mdashboard_server[0m[2m:[0m Sending to WebSocket client: 45833 bytes
[2m2026-02-01T00:36:30.777264Z[0m [32m INFO[0m [2mdashboard_server[0m[2m:[0m Sending to WebSocket client: 45833 bytes
[2m2026-02-01T00:36:38.475279Z[0m [32m INFO[0m [2mdashboard_server[0m[2m:[0m 📡 Telemetry Push: marksman_pulse
[2m2026-02-01T00:36:38.476883Z[0m [32m INFO[0m [2mdashboard_server[0m[2m:[0m Received broadcast: marksman_pulse
[2m2026-02-01T00:36:38.476942Z[0m [32m INFO[0m [2mdashboard_server[0m[2m:[0m Received broadcast: marksman_pulse
[2m2026-02-01T00:36:38.477016Z[0m [32m INFO[0m [2mdashboard_server[0m[2m:[0m Sending to WebSocket client: 46170 bytes
[2m2026-02-01T00:36:38.477095Z[0m [32m INFO[0m [2mdashboard_server[0m[2m:[0m Sending to WebSocket client: 46170 bytes
[2m2026-02-01T00:36:45.843330Z[0m [32m INFO[0m [2mdashboard_server[0m[2m:[0m 📡 Telemetry Push: marksman_pulse
[2m2026-02-01T00:36:45.845300Z[0m [32m INFO[0m [2mdashboard_server[0m[2m:[0m Received broadcast: marksman_pulse
[2m2026-02-01T00:36:45.845328Z[0m [32m INFO[0m [2mdashboard_server[0m[2m:[0m Received broadcast: marksman_pulse
[2m2026-02-01T00:36:45.845413Z[0m [32m INFO[0m [2mdashboard_server[0m[2m:[0m Sending to WebSocket client: 45792 bytes
[2m2026-02-01T00:36:45.845470Z[0m [32m INFO[0m [2mdashboard_server[0m[2m:[0m Sending to WebSocket client: 45792 bytes
[2m2026-02-01T00:36:53.377985Z[0m [32m INFO[0m [2mdashboard_server[0m[2m:[0m 📡 Telemetry Push: marksman_pulse
[2m2026-02-01T00:36:53.379209Z[0m [32m INFO[0m [2mdashboard_server[0m[2m:[0m Received broadcast: marksman_pulse
[2m2026-02-01T00:36:53.379231Z[0m [32m INFO[0m [2mdashboard_server[0m[2m:[0m Received broadcast: marksman_pulse
[2m2026-02-01T00:36:53.379331Z[0m [32m INFO[0m [2mdashboard_server[0m[2m:[0m Sending to WebSocket client: 46214 bytes
[2m2026-02-01T00:36:53.379345Z[0m [32m INFO[0m [2mdashboard_server[0m[2m:[0m Sending to WebSocket client: 46214 bytes
[2m2026-02-01T00:37:00.860463Z[0m [32m INFO[0m [2mdashboard_server[0m[2m:[0m 📡 Telemetry Push: marksman_pulse
[2m2026-02-01T00:37:00.862761Z[0m [32m INFO[0m [2mdashboard_server[0m[2m:[0m Received broadcast: marksman_pulse
[2m2026-02-01T00:37:00.862791Z[0m [32m INFO[0m [2mdashboard_server[0m[2m:[0m Received broadcast: marksman_pulse
[2m2026-02-01T00:37:00.862895Z[0m [32m INFO[0m [2mdashboard_server[0m[2m:[0m Sending to WebSocket client: 45896 bytes
[2m2026-02-01T00:37:00.862905Z[0m [32m INFO[0m [2mdashboard_server[0m[2m:[0m Sending to WebSocket client: 45896 bytes
[2m2026-02-01T00:37:08.452336Z[0m [32m INFO[0m [2mdashboard_server[0m[2m:[0m 📡 Telemetry Push: marksman_pulse
[2m2026-02-01T00:37:08.455278Z[0m [32m INFO[0m [2mdashboard_server[0m[2m:[0m Received broadcast: marksman_pulse
[2m2026-02-01T00:37:08.455375Z[0m [32m INFO[0m [2mdashboard_server[0m[2m:[0m Sending to WebSocket client: 46175 bytes
[2m2026-02-01T00:37:08.455380Z[0m [32m INFO[0m [2mdashboard_server[0m[2m:[0m Received broadcast: marksman_pulse
[2m2026-02-01T00:37:08.456162Z[0m [32m INFO[0m [2mdashboard_server[0m[2m:[0m Sending to WebSocket client: 46175 bytes
[2m2026-02-01T00:37:15.710522Z[0m [32m INFO[0m [2mdashboard_server[0m[2m:[0m 📡 Telemetry Push: marksman_pulse
[2m2026-02-01T00:37:15.711709Z[0m [32m INFO[0m [2mdashboard_server[0m[2m:[0m Received broadcast: marksman_pulse
[2m2026-02-01T00:37:15.711784Z[0m [32m INFO[0m [2mdashboard_server[0m[2m:[0m Received broadcast: marksman_pulse
[2m2026-02-01T00:37:15.711807Z[0m [32m INFO[0m [2mdashboard_server[0m[2m:[0m Sending to WebSocket client: 45753 bytes
[2m2026-02-01T00:37:15.711920Z[0m [32m INFO[0m [2mdashboard_server[0m[2m:[0m Sending to WebSocket client: 45753 bytes
[2m2026-02-01T00:37:23.266054Z[0m [32m INFO[0m [2mdashboard_server[0m[2m:[0m 📡 Telemetry Push: marksman_pulse
[2m2026-02-01T00:37:23.267488Z[0m [32m INFO[0m [2mdashboard_server[0m[2m:[0m Received broadcast: marksman_pulse
[2m2026-02-01T00:37:23.267512Z[0m [32m INFO[0m [2mdashboard_server[0m[2m:[0m Received broadcast: marksman_pulse
[2m2026-02-01T00:37:23.267627Z[0m [32m INFO[0m [2mdashboard_server[0m[2m:[0m Sending to WebSocket client: 46042 bytes
[2m2026-02-01T00:37:23.267680Z[0m [32m INFO[0m [2mdashboard_server[0m[2m:[0m Sending to WebSocket client: 46042 bytes
[2m2026-02-01T00:37:30.665044Z[0m [32m INFO[0m [2mdashboard_server[0m[2m:[0m 📡 Telemetry Push: marksman_pulse
[2m2026-02-01T00:37:30.666261Z[0m [32m INFO[0m [2mdashboard_server[0m[2m:[0m Received broadcast: marksman_pulse
[2m2026-02-01T00:37:30.666276Z[0m [32m INFO[0m [2mdashboard_server[0m[2m:[0m Received broadcast: marksman_pulse
[2m2026-02-01T00:37:30.666390Z[0m [32m INFO[0m [2mdashboard_server[0m[2m:[0m Sending to WebSocket client: 45882 bytes
[2m2026-02-01T00:37:30.666431Z[0m [32m INFO[0m [2mdashboard_server[0m[2m:[0m Sending to WebSocket client: 45882 bytes
[2m2026-02-01T00:37:38.048583Z[0m [32m INFO[0m [2mdashboard_server[0m[2m:[0m 📡 Telemetry Push: marksman_pulse
[2m2026-02-01T00:37:38.050780Z[0m [32m INFO[0m [2mdashboard_server[0m[2m:[0m Received broadcast: marksman_pulse
[2m2026-02-01T00:37:38.050796Z[0m [32m INFO[0m [2mdashboard_server[0m[2m:[0m Received broadcast: marksman_pulse
[2m2026-02-01T00:37:38.051015Z[0m [32m INFO[0m [2mdashboard_server[0m[2m:[0m Sending to WebSocket client: 45989 bytes
[2m2026-02-01T00:37:38.051570Z[0m [32m INFO[0m [2mdashboard_server[0m[2m:[0m Sending to WebSocket client: 45989 bytes
[2m2026-02-01T00:37:45.679453Z[0m [32m INFO[0m [2mdashboard_server[0m[2m:[0m 📡 Telemetry Push: marksman_pulse
[2m2026-02-01T00:37:45.681522Z[0m [32m INFO[0m [2mdashboard_server[0m[2m:[0m Received broadcast: marksman_pulse
[2m2026-02-01T00:37:45.681597Z[0m [32m INFO[0m [2mdashboard_server[0m[2m:[0m Received broadcast: marksman_pulse
[2m2026-02-01T00:37:45.681620Z[0m [32m INFO[0m [2mdashboard_server[0m[2m:[0m Sending to WebSocket client: 45842 bytes
[2m2026-02-01T00:37:45.681715Z[0m [32m INFO[0m [2mdashboard_server[0m[2m:[0m Sending to WebSocket client: 45842 bytes
[2m2026-02-01T00:37:53.499769Z[0m [32m INFO[0m [2mdashboard_server[0m[2m:[0m 📡 Telemetry Push: marksman_pulse
[2m2026-02-01T00:37:53.501202Z[0m [32m INFO[0m [2mdashboard_server[0m[2m:[0m Received broadcast: marksman_pulse
[2m2026-02-01T00:37:53.501252Z[0m [32m INFO[0m [2mdashboard_server[0m[2m:[0m Received broadcast: marksman_pulse
[2m2026-02-01T00:37:53.501302Z[0m [32m INFO[0m [2mdashboard_server[0m[2m:[0m Sending to WebSocket client: 46025 bytes
[2m2026-02-01T00:37:53.501384Z[0m [32m INFO[0m [2mdashboard_server[0m[2m:[0m Sending to WebSocket client: 46025 bytes
[2m2026-02-01T00:38:02.158405Z[0m [32m INFO[0m [2mdashboard_server[0m[2m:[0m 📡 Telemetry Push: marksman_pulse
[2m2026-02-01T00:38:02.165319Z[0m [32m INFO[0m [2mdashboard_server[0m[2m:[0m Received broadcast: marksman_pulse
[2m2026-02-01T00:38:02.165435Z[0m [32m INFO[0m [2mdashboard_server[0m[2m:[0m Received broadcast: marksman_pulse
[2m2026-02-01T00:38:02.166289Z[0m [32m INFO[0m [2mdashboard_server[0m[2m:[0m Sending to WebSocket client: 45887 bytes
[2m2026-02-01T00:38:02.168440Z[0m [32m INFO[0m [2mdashboard_server[0m[2m:[0m Sending to WebSocket client: 45887 bytes
[2m2026-02-01T00:38:10.395589Z[0m [32m INFO[0m [2mdashboard_server[0m[2m:[0m 📡 Telemetry Push: marksman_pulse
[2m2026-02-01T00:38:10.396870Z[0m [32m INFO[0m [2mdashboard_server[0m[2m:[0m Received broadcast: marksman_pulse
[2m2026-02-01T00:38:10.396961Z[0m [32m INFO[0m [2mdashboard_server[0m[2m:[0m Received broadcast: marksman_pulse
[2m2026-02-01T00:38:10.396970Z[0m [32m INFO[0m [2mdashboard_server[0m[2m:[0m Sending to WebSocket client: 45901 bytes
[2m2026-02-01T00:38:10.397806Z[0m [32m INFO[0m [2mdashboard_server[0m[2m:[0m Sending to WebSocket client: 45901 bytes
[2m2026-02-01T00:38:19.487254Z[0m [32m INFO[0m [2mdashboard_server[0m[2m:[0m 📡 Telemetry Push: marksman_pulse
[2m2026-02-01T00:38:19.489704Z[0m [32m INFO[0m [2mdashboard_server[0m[2m:[0m Received broadcast: marksman_pulse
[2m2026-02-01T00:38:19.489791Z[0m [32m INFO[0m [2mdashboard_server[0m[2m:[0m Received broadcast: marksman_pulse
[2m2026-02-01T00:38:19.489809Z[0m [32m INFO[0m [2mdashboard_server[0m[2m:[0m Sending to WebSocket client: 46039 bytes
[2m2026-02-01T00:38:19.490104Z[0m [32m INFO[0m [2mdashboard_server[0m[2m:[0m Sending to WebSocket client: 46039 bytes
[2m2026-02-01T00:38:26.969565Z[0m [32m INFO[0m [2mdashboard_server[0m[2m:[0m 📡 Telemetry Push: marksman_pulse
[2m2026-02-01T00:38:26.970951Z[0m [32m INFO[0m [2mdashboard_server[0m[2m:[0m Received broadcast: marksman_pulse
[2m2026-02-01T00:38:26.971531Z[0m [32m INFO[0m [2mdashboard_server[0m[2m:[0m Received broadcast: marksman_pulse
[2m2026-02-01T00:38:26.971561Z[0m [32m INFO[0m [2mdashboard_server[0m[2m:[0m Sending to WebSocket client: 45846 bytes
[2m2026-02-01T00:38:26.971662Z[0m [32m INFO[0m [2mdashboard_server[0m[2m:[0m Sending to WebSocket client: 45846 bytes
[2m2026-02-01T00:38:34.533158Z[0m [32m INFO[0m [2mdashboard_server[0m[2m:[0m 📡 Telemetry Push: marksman_pulse
[2m2026-02-01T00:38:34.534659Z[0m [32m INFO[0m [2mdashboard_server[0m[2m:[0m Received broadcast: marksman_pulse
[2m2026-02-01T00:38:34.534667Z[0m [32m INFO[0m [2mdashboard_server[0m[2m:[0m Received broadcast: marksman_pulse
[2m2026-02-01T00:38:34.534812Z[0m [32m INFO[0m [2mdashboard_server[0m[2m:[0m Sending to WebSocket client: 46129 bytes
[2m2026-02-01T00:38:34.534975Z[0m [32m INFO[0m [2mdashboard_server[0m[2m:[0m Sending to WebSocket client: 46129 bytes
[2m2026-02-01T00:38:44.277830Z[0m [32m INFO[0m [2mdashboard_server[0m[2m:[0m 📡 Telemetry Push: marksman_pulse
[2m2026-02-01T00:38:44.279156Z[0m [32m INFO[0m [2mdashboard_server[0m[2m:[0m Received broadcast: marksman_pulse
[2m2026-02-01T00:38:44.279248Z[0m [32m INFO[0m [2mdashboard_server[0m[2m:[0m Received broadcast: marksman_pulse
[2m2026-02-01T00:38:44.279547Z[0m [32m INFO[0m [2mdashboard_server[0m[2m:[0m Sending to WebSocket client: 45832 bytes
[2m2026-02-01T00:38:44.280065Z[0m [32m INFO[0m [2mdashboard_server[0m[2m:[0m Sending to WebSocket client: 45832 bytes
[2m2026-02-01T00:38:52.531037Z[0m [32m INFO[0m [2mdashboard_server[0m[2m:[0m 📡 Telemetry Push: marksman_pulse
[2m2026-02-01T00:38:52.533008Z[0m [32m INFO[0m [2mdashboard_server[0m[2m:[0m Received broadcast: marksman_pulse
[2m2026-02-01T00:38:52.533137Z[0m [32m INFO[0m [2mdashboard_server[0m[2m:[0m Sending to WebSocket client: 46060 bytes
[2m2026-02-01T00:38:52.533189Z[0m [32m INFO[0m [2mdashboard_server[0m[2m:[0m Received broadcast: marksman_pulse
[2m2026-02-01T00:38:52.533365Z[0m [32m INFO[0m [2mdashboard_server[0m[2m:[0m Sending to WebSocket client: 46060 bytes
[2m2026-02-01T00:39:03.027882Z[0m [32m INFO[0m [2mdashboard_server[0m[2m:[0m 📡 Telemetry Push: marksman_pulse
[2m2026-02-01T00:39:03.029624Z[0m [32m INFO[0m [2mdashboard_server[0m[2m:[0m Received broadcast: marksman_pulse
[2m2026-02-01T00:39:03.029698Z[0m [32m INFO[0m [2mdashboard_server[0m[2m:[0m Received broadcast: marksman_pulse
[2m2026-02-01T00:39:03.029717Z[0m [32m INFO[0m [2mdashboard_server[0m[2m:[0m Sending to WebSocket client: 45794 bytes
[2m2026-02-01T00:39:03.029811Z[0m [32m INFO[0m [2mdashboard_server[0m[2m:[0m Sending to WebSocket client: 45794 bytes
[2m2026-02-01T00:39:11.403822Z[0m [32m INFO[0m [2mdashboard_server[0m[2m:[0m 📡 Telemetry Push: marksman_pulse
[2m2026-02-01T00:39:11.404951Z[0m [32m INFO[0m [2mdashboard_server[0m[2m:[0m Received broadcast: marksman_pulse
[2m2026-02-01T00:39:11.405077Z[0m [32m INFO[0m [2mdashboard_server[0m[2m:[0m Sending to WebSocket client: 45988 bytes
[2m2026-02-01T00:39:11.405493Z[0m [32m INFO[0m [2mdashboard_server[0m[2m:[0m Received broadcast: marksman_pulse
[2m2026-02-01T00:39:11.405782Z[0m [32m INFO[0m [2mdashboard_server[0m[2m:[0m Sending to WebSocket client: 45988 bytes
[2m2026-02-01T00:39:19.632901Z[0m [32m INFO[0m [2mdashboard_server[0m[2m:[0m 📡 Telemetry Push: marksman_pulse
[2m2026-02-01T00:39:19.634692Z[0m [32m INFO[0m [2mdashboard_server[0m[2m:[0m Received broadcast: marksman_pulse
[2m2026-02-01T00:39:19.634706Z[0m [32m INFO[0m [2mdashboard_server[0m[2m:[0m Received broadcast: marksman_pulse
[2m2026-02-01T00:39:19.634875Z[0m [32m INFO[0m [2mdashboard_server[0m[2m:[0m Sending to WebSocket client: 46211 bytes
[2m2026-02-01T00:39:19.635376Z[0m [32m INFO[0m [2mdashboard_server[0m[2m:[0m Sending to WebSocket client: 46211 bytes
[2m2026-02-01T00:39:29.683873Z[0m [32m INFO[0m [2mdashboard_server[0m[2m:[0m 📡 Telemetry Push: marksman_pulse
[2m2026-02-01T00:39:29.688526Z[0m [32m INFO[0m [2mdashboard_server[0m[2m:[0m Received broadcast: marksman_pulse
[2m2026-02-01T00:39:29.688587Z[0m [32m INFO[0m [2mdashboard_server[0m[2m:[0m Received broadcast: marksman_pulse
[2m2026-02-01T00:39:29.688750Z[0m [32m INFO[0m [2mdashboard_server[0m[2m:[0m Sending to WebSocket client: 45947 bytes
[2m2026-02-01T00:39:29.689056Z[0m [32m INFO[0m [2mdashboard_server[0m[2m:[0m Sending to WebSocket client: 45947 bytes
[2m2026-02-01T00:39:39.376075Z[0m [32m INFO[0m [2mdashboard_server[0m[2m:[0m 📡 Telemetry Push: marksman_pulse
[2m2026-02-01T00:39:39.379197Z[0m [32m INFO[0m [2mdashboard_server[0m[2m:[0m Received broadcast: marksman_pulse
[2m2026-02-01T00:39:39.379225Z[0m [32m INFO[0m [2mdashboard_server[0m[2m:[0m Received broadcast: marksman_pulse
[2m2026-02-01T00:39:39.379615Z[0m [32m INFO[0m [2mdashboard_server[0m[2m:[0m Sending to WebSocket client: 45849 bytes
[2m2026-02-01T00:39:39.379887Z[0m [32m INFO[0m [2mdashboard_server[0m[2m:[0m Sending to WebSocket client: 45849 bytes
[2m2026-02-01T00:39:48.633171Z[0m [32m INFO[0m [2mdashboard_server[0m[2m:[0m 📡 Telemetry Push: marksman_pulse
[2m2026-02-01T00:39:48.646497Z[0m [32m INFO[0m [2mdashboard_server[0m[2m:[0m Received broadcast: marksman_pulse
[2m2026-02-01T00:39:48.646719Z[0m [32m INFO[0m [2mdashboard_server[0m[2m:[0m Sending to WebSocket client: 46063 bytes
[2m2026-02-01T00:39:48.647925Z[0m [32m INFO[0m [2mdashboard_server[0m[2m:[0m Received broadcast: marksman_pulse
[2m2026-02-01T00:39:48.648109Z[0m [32m INFO[0m [2mdashboard_server[0m[2m:[0m Sending to WebSocket client: 46063 bytes
[2m2026-02-01T00:39:56.474278Z[0m [32m INFO[0m [2mdashboard_server[0m[2m:[0m 📡 Telemetry Push: marksman_pulse
[2m2026-02-01T00:39:56.475620Z[0m [32m INFO[0m [2mdashboard_server[0m[2m:[0m Received broadcast: marksman_pulse
[2m2026-02-01T00:39:56.475640Z[0m [32m INFO[0m [2mdashboard_server[0m[2m:[0m Received broadcast: marksman_pulse
[2m2026-02-01T00:39:56.475743Z[0m [32m INFO[0m [2mdashboard_server[0m[2m:[0m Sending to WebSocket client: 45958 bytes
[2m2026-02-01T00:39:56.476117Z[0m [32m INFO[0m [2mdashboard_server[0m[2m:[0m Sending to WebSocket client: 45958 bytes
[2m2026-02-01T00:40:04.590980Z[0m [32m INFO[0m [2mdashboard_server[0m[2m:[0m 📡 Telemetry Push: marksman_pulse
[2m2026-02-01T00:40:04.592982Z[0m [32m INFO[0m [2mdashboard_server[0m[2m:[0m Received broadcast: marksman_pulse
[2m2026-02-01T00:40:04.593002Z[0m [32m INFO[0m [2mdashboard_server[0m[2m:[0m Received broadcast: marksman_pulse
[2m2026-02-01T00:40:04.593095Z[0m [32m INFO[0m [2mdashboard_server[0m[2m:[0m Sending to WebSocket client: 46089 bytes
[2m2026-02-01T00:40:04.593111Z[0m [32m INFO[0m [2mdashboard_server[0m[2m:[0m Sending to WebSocket client: 46089 bytes
[2m2026-02-01T00:40:12.067647Z[0m [32m INFO[0m [2mdashboard_server[0m[2m:[0m 📡 Telemetry Push: marksman_pulse
[2m2026-02-01T00:40:12.069309Z[0m [32m INFO[0m [2mdashboard_server[0m[2m:[0m Received broadcast: marksman_pulse
[2m2026-02-01T00:40:12.069370Z[0m [32m INFO[0m [2mdashboard_server[0m[2m:[0m Received broadcast: marksman_pulse
[2m2026-02-01T00:40:12.069493Z[0m [32m INFO[0m [2mdashboard_server[0m[2m:[0m Sending to WebSocket client: 45958 bytes
[2m2026-02-01T00:40:12.069535Z[0m [32m INFO[0m [2mdashboard_server[0m[2m:[0m Sending to WebSocket client: 45958 bytes
[2m2026-02-01T00:40:19.320184Z[0m [32m INFO[0m [2mdashboard_server[0m[2m:[0m 📡 Telemetry Push: marksman_pulse
[2m2026-02-01T00:40:19.323425Z[0m [32m INFO[0m [2mdashboard_server[0m[2m:[0m Received broadcast: marksman_pulse
[2m2026-02-01T00:40:19.323492Z[0m [32m INFO[0m [2mdashboard_server[0m[2m:[0m Received broadcast: marksman_pulse
[2m2026-02-01T00:40:19.323608Z[0m [32m INFO[0m [2mdashboard_server[0m[2m:[0m Sending to WebSocket client: 46092 bytes
[2m2026-02-01T00:40:19.323694Z[0m [32m INFO[0m [2mdashboard_server[0m[2m:[0m Sending to WebSocket client: 46092 bytes
[2m2026-02-01T00:40:26.610840Z[0m [32m INFO[0m [2mdashboard_server[0m[2m:[0m 📡 Telemetry Push: marksman_pulse
[2m2026-02-01T00:40:26.613706Z[0m [32m INFO[0m [2mdashboard_server[0m[2m:[0m Received broadcast: marksman_pulse
[2m2026-02-01T00:40:26.613736Z[0m [32m INFO[0m [2mdashboard_server[0m[2m:[0m Received broadcast: marksman_pulse
[2m2026-02-01T00:40:26.614066Z[0m [32m INFO[0m [2mdashboard_server[0m[2m:[0m Sending to WebSocket client: 45986 bytes
[2m2026-02-01T00:40:26.614153Z[0m [32m INFO[0m [2mdashboard_server[0m[2m:[0m Sending to WebSocket client: 45986 bytes
[2m2026-02-01T00:40:34.813373Z[0m [32m INFO[0m [2mdashboard_server[0m[2m:[0m 📡 Telemetry Push: marksman_pulse
[2m2026-02-01T00:40:34.814810Z[0m [32m INFO[0m [2mdashboard_server[0m[2m:[0m Received broadcast: marksman_pulse
[2m2026-02-01T00:40:34.814828Z[0m [32m INFO[0m [2mdashboard_server[0m[2m:[0m Received broadcast: marksman_pulse
[2m2026-02-01T00:40:34.814931Z[0m [32m INFO[0m [2mdashboard_server[0m[2m:[0m Sending to WebSocket client: 46053 bytes
[2m2026-02-01T00:40:34.815162Z[0m [32m INFO[0m [2mdashboard_server[0m[2m:[0m Sending to WebSocket client: 46053 bytes
[2m2026-02-01T00:40:42.205502Z[0m [32m INFO[0m [2mdashboard_server[0m[2m:[0m 📡 Telemetry Push: marksman_pulse
[2m2026-02-01T00:40:42.207305Z[0m [32m INFO[0m [2mdashboard_server[0m[2m:[0m Received broadcast: marksman_pulse
[2m2026-02-01T00:40:42.207382Z[0m [32m INFO[0m [2mdashboard_server[0m[2m:[0m Received broadcast: marksman_pulse
[2m2026-02-01T00:40:42.207410Z[0m [32m INFO[0m [2mdashboard_server[0m[2m:[0m Sending to WebSocket client: 46087 bytes
[2m2026-02-01T00:40:42.207563Z[0m [32m INFO[0m [2mdashboard_server[0m[2m:[0m Sending to WebSocket client: 46087 bytes
[2m2026-02-01T00:40:49.814663Z[0m [32m INFO[0m [2mdashboard_server[0m[2m:[0m 📡 Telemetry Push: marksman_pulse
[2m2026-02-01T00:40:49.819369Z[0m [32m INFO[0m [2mdashboard_server[0m[2m:[0m Received broadcast: marksman_pulse
[2m2026-02-01T00:40:49.819449Z[0m [32m INFO[0m [2mdashboard_server[0m[2m:[0m Received broadcast: marksman_pulse
[2m2026-02-01T00:40:49.819529Z[0m [32m INFO[0m [2mdashboard_server[0m[2m:[0m Sending to WebSocket client: 45999 bytes
[2m2026-02-01T00:40:49.819639Z[0m [32m INFO[0m [2mdashboard_server[0m[2m:[0m Sending to WebSocket client: 45999 bytes
[2m2026-02-01T00:40:58.728652Z[0m [32m INFO[0m [2mdashboard_server[0m[2m:[0m 📡 Telemetry Push: marksman_pulse
[2m2026-02-01T00:40:58.731111Z[0m [32m INFO[0m [2mdashboard_server[0m[2m:[0m Received broadcast: marksman_pulse
[2m2026-02-01T00:40:58.731366Z[0m [32m INFO[0m [2mdashboard_server[0m[2m:[0m Received broadcast: marksman_pulse
[2m2026-02-01T00:40:58.731833Z[0m [32m INFO[0m [2mdashboard_server[0m[2m:[0m Sending to WebSocket client: 46069 bytes
[2m2026-02-01T00:40:58.731866Z[0m [32m INFO[0m [2mdashboard_server[0m[2m:[0m Sending to WebSocket client: 46069 bytes
[2m2026-02-01T00:41:06.529261Z[0m [32m INFO[0m [2mdashboard_server[0m[2m:[0m 📡 Telemetry Push: marksman_pulse
[2m2026-02-01T00:41:06.530224Z[0m [32m INFO[0m [2mdashboard_server[0m[2m:[0m Received broadcast: marksman_pulse
[2m2026-02-01T00:41:06.530266Z[0m [32m INFO[0m [2mdashboard_server[0m[2m:[0m Received broadcast: marksman_pulse
[2m2026-02-01T00:41:06.530375Z[0m [32m INFO[0m [2mdashboard_server[0m[2m:[0m Sending to WebSocket client: 46202 bytes
[2m2026-02-01T00:41:06.530382Z[0m [32m INFO[0m [2mdashboard_server[0m[2m:[0m Sending to WebSocket client: 46202 bytes
[2m2026-02-01T00:41:13.988596Z[0m [32m INFO[0m [2mdashboard_server[0m[2m:[0m 📡 Telemetry Push: marksman_pulse
[2m2026-02-01T00:41:13.990190Z[0m [32m INFO[0m [2mdashboard_server[0m[2m:[0m Received broadcast: marksman_pulse
[2m2026-02-01T00:41:13.990212Z[0m [32m INFO[0m [2mdashboard_server[0m[2m:[0m Received broadcast: marksman_pulse
[2m2026-02-01T00:41:13.990320Z[0m [32m INFO[0m [2mdashboard_server[0m[2m:[0m Sending to WebSocket client: 45809 bytes
[2m2026-02-01T00:41:13.990654Z[0m [32m INFO[0m [2mdashboard_server[0m[2m:[0m Sending to WebSocket client: 45809 bytes
[2m2026-02-01T00:41:22.312637Z[0m [32m INFO[0m [2mdashboard_server[0m[2m:[0m 📡 Telemetry Push: marksman_pulse
[2m2026-02-01T00:41:22.317313Z[0m [32m INFO[0m [2mdashboard_server[0m[2m:[0m Received broadcast: marksman_pulse
[2m2026-02-01T00:41:22.317345Z[0m [32m INFO[0m [2mdashboard_server[0m[2m:[0m Received broadcast: marksman_pulse
[2m2026-02-01T00:41:22.317449Z[0m [32m INFO[0m [2mdashboard_server[0m[2m:[0m Sending to WebSocket client: 45814 bytes
[2m2026-02-01T00:41:22.317463Z[0m [32m INFO[0m [2mdashboard_server[0m[2m:[0m Sending to WebSocket client: 45814 bytes
[2m2026-02-01T00:41:33.865709Z[0m [32m INFO[0m [2mdashboard_server[0m[2m:[0m 📡 Telemetry Push: marksman_pulse
[2m2026-02-01T00:41:33.869430Z[0m [32m INFO[0m [2mdashboard_server[0m[2m:[0m Received broadcast: marksman_pulse
[2m2026-02-01T00:41:33.869582Z[0m [32m INFO[0m [2mdashboard_server[0m[2m:[0m Sending to WebSocket client: 46048 bytes
[2m2026-02-01T00:41:33.870315Z[0m [32m INFO[0m [2mdashboard_server[0m[2m:[0m Received broadcast: marksman_pulse
[2m2026-02-01T00:41:33.870399Z[0m [32m INFO[0m [2mdashboard_server[0m[2m:[0m Sending to WebSocket client: 46048 bytes
[2m2026-02-01T00:41:48.142822Z[0m [32m INFO[0m [2mdashboard_server[0m[2m:[0m 📡 Telemetry Push: marksman_pulse
[2m2026-02-01T00:41:48.158635Z[0m [32m INFO[0m [2mdashboard_server[0m[2m:[0m Received broadcast: marksman_pulse
[2m2026-02-01T00:41:48.158914Z[0m [32m INFO[0m [2mdashboard_server[0m[2m:[0m Sending to WebSocket client: 46081 bytes
[2m2026-02-01T00:41:48.162763Z[0m [32m INFO[0m [2mdashboard_server[0m[2m:[0m Received broadcast: marksman_pulse
[2m2026-02-01T00:41:48.162940Z[0m [32m INFO[0m [2mdashboard_server[0m[2m:[0m Sending to WebSocket client: 46081 bytes
[2m2026-02-01T00:42:05.903584Z[0m [32m INFO[0m [2mdashboard_server[0m[2m:[0m 📡 Telemetry Push: marksman_pulse
[2m2026-02-01T00:42:05.924398Z[0m [32m INFO[0m [2mdashboard_server[0m[2m:[0m Received broadcast: marksman_pulse
[2m2026-02-01T00:42:05.925312Z[0m [32m INFO[0m [2mdashboard_server[0m[2m:[0m Received broadcast: marksman_pulse
[2m2026-02-01T00:42:05.925408Z[0m [32m INFO[0m [2mdashboard_server[0m[2m:[0m Sending to WebSocket client: 45919 bytes
[2m2026-02-01T00:42:05.926265Z[0m [32m INFO[0m [2mdashboard_server[0m[2m:[0m Sending to WebSocket client: 45919 bytes
[2m2026-02-01T00:42:16.533965Z[0m [32m INFO[0m [2mdashboard_server[0m[2m:[0m 📡 Telemetry Push: marksman_pulse
[2m2026-02-01T00:42:16.537513Z[0m [32m INFO[0m [2mdashboard_server[0m[2m:[0m Received broadcast: marksman_pulse
[2m2026-02-01T00:42:16.537923Z[0m [32m INFO[0m [2mdashboard_server[0m[2m:[0m Sending to WebSocket client: 45925 bytes
[2m2026-02-01T00:42:16.538058Z[0m [32m INFO[0m [2mdashboard_server[0m[2m:[0m Received broadcast: marksman_pulse
[2m2026-02-01T00:42:16.538265Z[0m [32m INFO[0m [2mdashboard_server[0m[2m:[0m Sending to WebSocket client: 45925 bytes
[2m2026-02-01T00:42:24.496075Z[0m [32m INFO[0m [2mdashboard_server[0m[2m:[0m 📡 Telemetry Push: marksman_pulse
[2m2026-02-01T00:42:24.497749Z[0m [32m INFO[0m [2mdashboard_server[0m[2m:[0m Received broadcast: marksman_pulse
[2m2026-02-01T00:42:24.497779Z[0m [32m INFO[0m [2mdashboard_server[0m[2m:[0m Received broadcast: marksman_pulse
[2m2026-02-01T00:42:24.497878Z[0m [32m INFO[0m [2mdashboard_server[0m[2m:[0m Sending to WebSocket client: 46210 bytes
[2m2026-02-01T00:42:24.498070Z[0m [32m INFO[0m [2mdashboard_server[0m[2m:[0m Sending to WebSocket client: 46210 bytes
[2m2026-02-01T00:42:32.432281Z[0m [32m INFO[0m [2mdashboard_server[0m[2m:[0m 📡 Telemetry Push: marksman_pulse
[2m2026-02-01T00:42:32.433376Z[0m [32m INFO[0m [2mdashboard_server[0m[2m:[0m Received broadcast: marksman_pulse
[2m2026-02-01T00:42:32.433567Z[0m [32m INFO[0m [2mdashboard_server[0m[2m:[0m Sending to WebSocket client: 45881 bytes
[2m2026-02-01T00:42:32.433999Z[0m [32m INFO[0m [2mdashboard_server[0m[2m:[0m Received broadcast: marksman_pulse
[2m2026-02-01T00:42:32.434091Z[0m [32m INFO[0m [2mdashboard_server[0m[2m:[0m Sending to WebSocket client: 45881 bytes
[2m2026-02-01T00:42:40.342439Z[0m [32m INFO[0m [2mdashboard_server[0m[2m:[0m 📡 Telemetry Push: marksman_pulse
[2m2026-02-01T00:42:40.344198Z[0m [32m INFO[0m [2mdashboard_server[0m[2m:[0m Received broadcast: marksman_pulse
[2m2026-02-01T00:42:40.344323Z[0m [32m INFO[0m [2mdashboard_server[0m[2m:[0m Sending to WebSocket client: 45980 bytes
[2m2026-02-01T00:42:40.344430Z[0m [32m INFO[0m [2mdashboard_server[0m[2m:[0m Received broadcast: marksman_pulse
[2m2026-02-01T00:42:40.344606Z[0m [32m INFO[0m [2mdashboard_server[0m[2m:[0m Sending to WebSocket client: 45980 bytes
[2m2026-02-01T00:42:48.474930Z[0m [32m INFO[0m [2mdashboard_server[0m[2m:[0m 📡 Telemetry Push: marksman_pulse
[2m2026-02-01T00:42:48.477038Z[0m [32m INFO[0m [2mdashboard_server[0m[2m:[0m Received broadcast: marksman_pulse
[2m2026-02-01T00:42:48.477063Z[0m [32m INFO[0m [2mdashboard_server[0m[2m:[0m Received broadcast: marksman_pulse
[2m2026-02-01T00:42:48.477150Z[0m [32m INFO[0m [2mdashboard_server[0m[2m:[0m Sending to WebSocket client: 46027 bytes
[2m2026-02-01T00:42:48.477448Z[0m [32m INFO[0m [2mdashboard_server[0m[2m:[0m Sending to WebSocket client: 46027 bytes
[2m2026-02-01T00:42:56.191484Z[0m [32m INFO[0m [2mdashboard_server[0m[2m:[0m 📡 Telemetry Push: marksman_pulse
[2m2026-02-01T00:42:56.192851Z[0m [32m INFO[0m [2mdashboard_server[0m[2m:[0m Received broadcast: marksman_pulse
[2m2026-02-01T00:42:56.193157Z[0m [32m INFO[0m [2mdashboard_server[0m[2m:[0m Received broadcast: marksman_pulse
[2m2026-02-01T00:42:56.193297Z[0m [32m INFO[0m [2mdashboard_server[0m[2m:[0m Sending to WebSocket client: 46008 bytes
[2m2026-02-01T00:42:56.193443Z[0m [32m INFO[0m [2mdashboard_server[0m[2m:[0m Sending to WebSocket client: 46008 bytes
[2m2026-02-01T00:43:03.817480Z[0m [32m INFO[0m [2mdashboard_server[0m[2m:[0m 📡 Telemetry Push: marksman_pulse
[2m2026-02-01T00:43:03.819361Z[0m [32m INFO[0m [2mdashboard_server[0m[2m:[0m Received broadcast: marksman_pulse
[2m2026-02-01T00:43:03.819424Z[0m [32m INFO[0m [2mdashboard_server[0m[2m:[0m Received broadcast: marksman_pulse
[2m2026-02-01T00:43:03.819485Z[0m [32m INFO[0m [2mdashboard_server[0m[2m:[0m Sending to WebSocket client: 46010 bytes
[2m2026-02-01T00:43:03.819548Z[0m [32m INFO[0m [2mdashboard_server[0m[2m:[0m Sending to WebSocket client: 46010 bytes
[2m2026-02-01T00:43:11.599230Z[0m [32m INFO[0m [2mdashboard_server[0m[2m:[0m 📡 Telemetry Push: marksman_pulse
[2m2026-02-01T00:43:11.600646Z[0m [32m INFO[0m [2mdashboard_server[0m[2m:[0m Received broadcast: marksman_pulse
[2m2026-02-01T00:43:11.600657Z[0m [32m INFO[0m [2mdashboard_server[0m[2m:[0m Received broadcast: marksman_pulse
[2m2026-02-01T00:43:11.600769Z[0m [32m INFO[0m [2mdashboard_server[0m[2m:[0m Sending to WebSocket client: 46015 bytes
[2m2026-02-01T00:43:11.601014Z[0m [32m INFO[0m [2mdashboard_server[0m[2m:[0m Sending to WebSocket client: 46015 bytes
[2m2026-02-01T00:43:19.645772Z[0m [32m INFO[0m [2mdashboard_server[0m[2m:[0m 📡 Telemetry Push: marksman_pulse
[2m2026-02-01T00:43:19.647571Z[0m [32m INFO[0m [2mdashboard_server[0m[2m:[0m Received broadcast: marksman_pulse
[2m2026-02-01T00:43:19.647637Z[0m [32m INFO[0m [2mdashboard_server[0m[2m:[0m Received broadcast: marksman_pulse
[2m2026-02-01T00:43:19.647750Z[0m [32m INFO[0m [2mdashboard_server[0m[2m:[0m Sending to WebSocket client: 45844 bytes
[2m2026-02-01T00:43:19.647786Z[0m [32m INFO[0m [2mdashboard_server[0m[2m:[0m Sending to WebSocket client: 45844 bytes
[2m2026-02-01T00:43:27.579197Z[0m [32m INFO[0m [2mdashboard_server[0m[2m:[0m 📡 Telemetry Push: marksman_pulse
[2m2026-02-01T00:43:27.581391Z[0m [32m INFO[0m [2mdashboard_server[0m[2m:[0m Received broadcast: marksman_pulse
[2m2026-02-01T00:43:27.581423Z[0m [32m INFO[0m [2mdashboard_server[0m[2m:[0m Received broadcast: marksman_pulse
[2m2026-02-01T00:43:27.581531Z[0m [32m INFO[0m [2mdashboard_server[0m[2m:[0m Sending to WebSocket client: 45912 bytes
[2m2026-02-01T00:43:27.581567Z[0m [32m INFO[0m [2mdashboard_server[0m[2m:[0m Sending to WebSocket client: 45912 bytes
[2m2026-02-01T00:43:35.041456Z[0m [32m INFO[0m [2mdashboard_server[0m[2m:[0m 📡 Telemetry Push: marksman_pulse
[2m2026-02-01T00:43:35.042641Z[0m [32m INFO[0m [2mdashboard_server[0m[2m:[0m Received broadcast: marksman_pulse
[2m2026-02-01T00:43:35.042715Z[0m [32m INFO[0m [2mdashboard_server[0m[2m:[0m Received broadcast: marksman_pulse
[2m2026-02-01T00:43:35.042747Z[0m [32m INFO[0m [2mdashboard_server[0m[2m:[0m Sending to WebSocket client: 46134 bytes
[2m2026-02-01T00:43:35.042831Z[0m [32m INFO[0m [2mdashboard_server[0m[2m:[0m Sending to WebSocket client: 46134 bytes
[2m2026-02-01T00:43:42.713714Z[0m [32m INFO[0m [2mdashboard_server[0m[2m:[0m 📡 Telemetry Push: marksman_pulse
[2m2026-02-01T00:43:42.718121Z[0m [32m INFO[0m [2mdashboard_server[0m[2m:[0m Received broadcast: marksman_pulse
[2m2026-02-01T00:43:42.718338Z[0m [32m INFO[0m [2mdashboard_server[0m[2m:[0m Sending to WebSocket client: 46177 bytes
[2m2026-02-01T00:43:42.718409Z[0m [32m INFO[0m [2mdashboard_server[0m[2m:[0m Received broadcast: marksman_pulse
[2m2026-02-01T00:43:42.718604Z[0m [32m INFO[0m [2mdashboard_server[0m[2m:[0m Sending to WebSocket client: 46177 bytes
[2m2026-02-01T00:43:50.242533Z[0m [32m INFO[0m [2mdashboard_server[0m[2m:[0m 📡 Telemetry Push: marksman_pulse
[2m2026-02-01T00:43:50.244371Z[0m [32m INFO[0m [2mdashboard_server[0m[2m:[0m Received broadcast: marksman_pulse
[2m2026-02-01T00:43:50.244686Z[0m [32m INFO[0m [2mdashboard_server[0m[2m:[0m Sending to WebSocket client: 46118 bytes
[2m2026-02-01T00:43:50.244916Z[0m [32m INFO[0m [2mdashboard_server[0m[2m:[0m Received broadcast: marksman_pulse
[2m2026-02-01T00:43:50.245224Z[0m [32m INFO[0m [2mdashboard_server[0m[2m:[0m Sending to WebSocket client: 46118 bytes
[2m2026-02-01T00:43:57.846298Z[0m [32m INFO[0m [2mdashboard_server[0m[2m:[0m 📡 Telemetry Push: marksman_pulse
[2m2026-02-01T00:43:57.847724Z[0m [32m INFO[0m [2mdashboard_server[0m[2m:[0m Received broadcast: marksman_pulse
[2m2026-02-01T00:43:57.847744Z[0m [32m INFO[0m [2mdashboard_server[0m[2m:[0m Received broadcast: marksman_pulse
[2m2026-02-01T00:43:57.847822Z[0m [32m INFO[0m [2mdashboard_server[0m[2m:[0m Sending to WebSocket client: 46139 bytes
[2m2026-02-01T00:43:57.847881Z[0m [32m INFO[0m [2mdashboard_server[0m[2m:[0m Sending to WebSocket client: 46139 bytes
[2m2026-02-01T00:44:05.641709Z[0m [32m INFO[0m [2mdashboard_server[0m[2m:[0m 📡 Telemetry Push: marksman_pulse
[2m2026-02-01T00:44:05.643568Z[0m [32m INFO[0m [2mdashboard_server[0m[2m:[0m Received broadcast: marksman_pulse
[2m2026-02-01T00:44:05.643634Z[0m [32m INFO[0m [2mdashboard_server[0m[2m:[0m Received broadcast: marksman_pulse
[2m2026-02-01T00:44:05.643688Z[0m [32m INFO[0m [2mdashboard_server[0m[2m:[0m Sending to WebSocket client: 46162 bytes
[2m2026-02-01T00:44:05.643745Z[0m [32m INFO[0m [2mdashboard_server[0m[2m:[0m Sending to WebSocket client: 46162 bytes
[2m2026-02-01T00:44:13.070145Z[0m [32m INFO[0m [2mdashboard_server[0m[2m:[0m 📡 Telemetry Push: marksman_pulse
[2m2026-02-01T00:44:13.071740Z[0m [32m INFO[0m [2mdashboard_server[0m[2m:[0m Received broadcast: marksman_pulse
[2m2026-02-01T00:44:13.071784Z[0m [32m INFO[0m [2mdashboard_server[0m[2m:[0m Received broadcast: marksman_pulse
[2m2026-02-01T00:44:13.071885Z[0m [32m INFO[0m [2mdashboard_server[0m[2m:[0m Sending to WebSocket client: 46146 bytes
[2m2026-02-01T00:44:13.071916Z[0m [32m INFO[0m [2mdashboard_server[0m[2m:[0m Sending to WebSocket client: 46146 bytes
[2m2026-02-01T00:44:20.430871Z[0m [32m INFO[0m [2mdashboard_server[0m[2m:[0m 📡 Telemetry Push: marksman_pulse
[2m2026-02-01T00:44:20.432196Z[0m [32m INFO[0m [2mdashboard_server[0m[2m:[0m Received broadcast: marksman_pulse
[2m2026-02-01T00:44:20.432236Z[0m [32m INFO[0m [2mdashboard_server[0m[2m:[0m Received broadcast: marksman_pulse
[2m2026-02-01T00:44:20.432318Z[0m [32m INFO[0m [2mdashboard_server[0m[2m:[0m Sending to WebSocket client: 46073 bytes
[2m2026-02-01T00:44:20.432345Z[0m [32m INFO[0m [2mdashboard_server[0m[2m:[0m Sending to WebSocket client: 46073 bytes
[2m2026-02-01T00:44:28.233344Z[0m [32m INFO[0m [2mdashboard_server[0m[2m:[0m 📡 Telemetry Push: marksman_pulse
[2m2026-02-01T00:44:28.234636Z[0m [32m INFO[0m [2mdashboard_server[0m[2m:[0m Received broadcast: marksman_pulse
[2m2026-02-01T00:44:28.234654Z[0m [32m INFO[0m [2mdashboard_server[0m[2m:[0m Received broadcast: marksman_pulse
[2m2026-02-01T00:44:28.234747Z[0m [32m INFO[0m [2mdashboard_server[0m[2m:[0m Sending to WebSocket client: 45710 bytes
[2m2026-02-01T00:44:28.234762Z[0m [32m INFO[0m [2mdashboard_server[0m[2m:[0m Sending to WebSocket client: 45710 bytes
[2m2026-02-01T00:44:36.480197Z[0m [32m INFO[0m [2mdashboard_server[0m[2m:[0m 📡 Telemetry Push: marksman_pulse
[2m2026-02-01T00:44:36.482035Z[0m [32m INFO[0m [2mdashboard_server[0m[2m:[0m Received broadcast: marksman_pulse
[2m2026-02-01T00:44:36.482170Z[0m [32m INFO[0m [2mdashboard_server[0m[2m:[0m Sending to WebSocket client: 45847 bytes
[2m2026-02-01T00:44:36.482839Z[0m [32m INFO[0m [2mdashboard_server[0m[2m:[0m Received broadcast: marksman_pulse
[2m2026-02-01T00:44:36.482927Z[0m [32m INFO[0m [2mdashboard_server[0m[2m:[0m Sending to WebSocket client: 45847 bytes
[2m2026-02-01T00:44:44.252982Z[0m [32m INFO[0m [2mdashboard_server[0m[2m:[0m 📡 Telemetry Push: marksman_pulse
[2m2026-02-01T00:44:44.254813Z[0m [32m INFO[0m [2mdashboard_server[0m[2m:[0m Received broadcast: marksman_pulse
[2m2026-02-01T00:44:44.254927Z[0m [32m INFO[0m [2mdashboard_server[0m[2m:[0m Sending to WebSocket client: 45720 bytes
[2m2026-02-01T00:44:44.255069Z[0m [32m INFO[0m [2mdashboard_server[0m[2m:[0m Received broadcast: marksman_pulse
[2m2026-02-01T00:44:44.255212Z[0m [32m INFO[0m [2mdashboard_server[0m[2m:[0m Sending to WebSocket client: 45720 bytes
[2m2026-02-01T00:44:52.110870Z[0m [32m INFO[0m [2mdashboard_server[0m[2m:[0m 📡 Telemetry Push: marksman_pulse
[2m2026-02-01T00:44:52.112180Z[0m [32m INFO[0m [2mdashboard_server[0m[2m:[0m Received broadcast: marksman_pulse
[2m2026-02-01T00:44:52.112296Z[0m [32m INFO[0m [2mdashboard_server[0m[2m:[0m Sending to WebSocket client: 46003 bytes
[2m2026-02-01T00:44:52.112475Z[0m [32m INFO[0m [2mdashboard_server[0m[2m:[0m Received broadcast: marksman_pulse
[2m2026-02-01T00:44:52.112605Z[0m [32m INFO[0m [2mdashboard_server[0m[2m:[0m Sending to WebSocket client: 46003 bytes
[2m2026-02-01T00:44:59.830111Z[0m [32m INFO[0m [2mdashboard_server[0m[2m:[0m 📡 Telemetry Push: marksman_pulse
[2m2026-02-01T00:44:59.832032Z[0m [32m INFO[0m [2mdashboard_server[0m[2m:[0m Received broadcast: marksman_pulse
[2m2026-02-01T00:44:59.832163Z[0m [32m INFO[0m [2mdashboard_server[0m[2m:[0m Sending to WebSocket client: 45809 bytes
[2m2026-02-01T00:44:59.832316Z[0m [32m INFO[0m [2mdashboard_server[0m[2m:[0m Received broadcast: marksman_pulse
[2m2026-02-01T00:44:59.832408Z[0m [32m INFO[0m [2mdashboard_server[0m[2m:[0m Sending to WebSocket client: 45809 bytes
[2m2026-02-01T00:45:07.701172Z[0m [32m INFO[0m [2mdashboard_server[0m[2m:[0m 📡 Telemetry Push: marksman_pulse
[2m2026-02-01T00:45:07.702906Z[0m [32m INFO[0m [2mdashboard_server[0m[2m:[0m Received broadcast: marksman_pulse
[2m2026-02-01T00:45:07.703001Z[0m [32m INFO[0m [2mdashboard_server[0m[2m:[0m Sending to WebSocket client: 45749 bytes
[2m2026-02-01T00:45:07.703154Z[0m [32m INFO[0m [2mdashboard_server[0m[2m:[0m Received broadcast: marksman_pulse
[2m2026-02-01T00:45:07.703269Z[0m [32m INFO[0m [2mdashboard_server[0m[2m:[0m Sending to WebSocket client: 45749 bytes
[2m2026-02-01T00:45:15.061639Z[0m [32m INFO[0m [2mdashboard_server[0m[2m:[0m 📡 Telemetry Push: marksman_pulse
[2m2026-02-01T00:45:15.063634Z[0m [32m INFO[0m [2mdashboard_server[0m[2m:[0m Received broadcast: marksman_pulse
[2m2026-02-01T00:45:15.063752Z[0m [32m INFO[0m [2mdashboard_server[0m[2m:[0m Sending to WebSocket client: 45810 bytes
[2m2026-02-01T00:45:15.063903Z[0m [32m INFO[0m [2mdashboard_server[0m[2m:[0m Received broadcast: marksman_pulse
[2m2026-02-01T00:45:15.064013Z[0m [32m INFO[0m [2mdashboard_server[0m[2m:[0m Sending to WebSocket client: 45810 bytes
[2m2026-02-01T00:45:22.352105Z[0m [32m INFO[0m [2mdashboard_server[0m[2m:[0m 📡 Telemetry Push: marksman_pulse
[2m2026-02-01T00:45:22.354116Z[0m [32m INFO[0m [2mdashboard_server[0m[2m:[0m Received broadcast: marksman_pulse
[2m2026-02-01T00:45:22.354133Z[0m [32m INFO[0m [2mdashboard_server[0m[2m:[0m Received broadcast: marksman_pulse
[2m2026-02-01T00:45:22.354258Z[0m [32m INFO[0m [2mdashboard_server[0m[2m:[0m Sending to WebSocket client: 46006 bytes
[2m2026-02-01T00:45:22.354376Z[0m [32m INFO[0m [2mdashboard_server[0m[2m:[0m Sending to WebSocket client: 46006 bytes
[2m2026-02-01T00:45:29.703103Z[0m [32m INFO[0m [2mdashboard_server[0m[2m:[0m 📡 Telemetry Push: marksman_pulse
[2m2026-02-01T00:45:29.704069Z[0m [32m INFO[0m [2mdashboard_server[0m[2m:[0m Received broadcast: marksman_pulse
[2m2026-02-01T00:45:29.704105Z[0m [32m INFO[0m [2mdashboard_server[0m[2m:[0m Received broadcast: marksman_pulse
[2m2026-02-01T00:45:29.704170Z[0m [32m INFO[0m [2mdashboard_server[0m[2m:[0m Sending to WebSocket client: 46003 bytes
[2m2026-02-01T00:45:29.704214Z[0m [32m INFO[0m [2mdashboard_server[0m[2m:[0m Sending to WebSocket client: 46003 bytes
[2m2026-02-01T00:45:37.061872Z[0m [32m INFO[0m [2mdashboard_server[0m[2m:[0m 📡 Telemetry Push: marksman_pulse
[2m2026-02-01T00:45:37.064095Z[0m [32m INFO[0m [2mdashboard_server[0m[2m:[0m Received broadcast: marksman_pulse
[2m2026-02-01T00:45:37.064234Z[0m [32m INFO[0m [2mdashboard_server[0m[2m:[0m Sending to WebSocket client: 45946 bytes
[2m2026-02-01T00:45:37.064375Z[0m [32m INFO[0m [2mdashboard_server[0m[2m:[0m Received broadcast: marksman_pulse
[2m2026-02-01T00:45:37.065295Z[0m [32m INFO[0m [2mdashboard_server[0m[2m:[0m Sending to WebSocket client: 45946 bytes
[2m2026-02-01T00:45:44.287199Z[0m [32m INFO[0m [2mdashboard_server[0m[2m:[0m 📡 Telemetry Push: marksman_pulse
[2m2026-02-01T00:45:44.288573Z[0m [32m INFO[0m [2mdashboard_server[0m[2m:[0m Received broadcast: marksman_pulse
[2m2026-02-01T00:45:44.288734Z[0m [32m INFO[0m [2mdashboard_server[0m[2m:[0m Sending to WebSocket client: 46061 bytes
[2m2026-02-01T00:45:44.289063Z[0m [32m INFO[0m [2mdashboard_server[0m[2m:[0m Received broadcast: marksman_pulse
[2m2026-02-01T00:45:44.289566Z[0m [32m INFO[0m [2mdashboard_server[0m[2m:[0m Sending to WebSocket client: 46061 bytes
[2m2026-02-01T00:45:52.335631Z[0m [32m INFO[0m [2mdashboard_server[0m[2m:[0m 📡 Telemetry Push: marksman_pulse
[2m2026-02-01T00:45:52.336803Z[0m [32m INFO[0m [2mdashboard_server[0m[2m:[0m Received broadcast: marksman_pulse
[2m2026-02-01T00:45:52.336906Z[0m [32m INFO[0m [2mdashboard_server[0m[2m:[0m Sending to WebSocket client: 45993 bytes
[2m2026-02-01T00:45:52.336915Z[0m [32m INFO[0m [2mdashboard_server[0m[2m:[0m Received broadcast: marksman_pulse
[2m2026-02-01T00:45:52.337028Z[0m [32m INFO[0m [2mdashboard_server[0m[2m:[0m Sending to WebSocket client: 45993 bytes
[2m2026-02-01T00:45:59.861334Z[0m [32m INFO[0m [2mdashboard_server[0m[2m:[0m 📡 Telemetry Push: marksman_pulse
[2m2026-02-01T00:45:59.862953Z[0m [32m INFO[0m [2mdashboard_server[0m[2m:[0m Received broadcast: marksman_pulse
[2m2026-02-01T00:45:59.862965Z[0m [32m INFO[0m [2mdashboard_server[0m[2m:[0m Received broadcast: marksman_pulse
[2m2026-02-01T00:45:59.863077Z[0m [32m INFO[0m [2mdashboard_server[0m[2m:[0m Sending to WebSocket client: 45858 bytes
[2m2026-02-01T00:45:59.863136Z[0m [32m INFO[0m [2mdashboard_server[0m[2m:[0m Sending to WebSocket client: 45858 bytes
[2m2026-02-01T00:46:07.543907Z[0m [32m INFO[0m [2mdashboard_server[0m[2m:[0m 📡 Telemetry Push: marksman_pulse
[2m2026-02-01T00:46:07.545582Z[0m [32m INFO[0m [2mdashboard_server[0m[2m:[0m Received broadcast: marksman_pulse
[2m2026-02-01T00:46:07.545637Z[0m [32m INFO[0m [2mdashboard_server[0m[2m:[0m Received broadcast: marksman_pulse
[2m2026-02-01T00:46:07.545681Z[0m [32m INFO[0m [2mdashboard_server[0m[2m:[0m Sending to WebSocket client: 46048 bytes
[2m2026-02-01T00:46:07.545759Z[0m [32m INFO[0m [2mdashboard_server[0m[2m:[0m Sending to WebSocket client: 46048 bytes
[2m2026-02-01T00:46:15.211076Z[0m [32m INFO[0m [2mdashboard_server[0m[2m:[0m 📡 Telemetry Push: marksman_pulse
[2m2026-02-01T00:46:15.214272Z[0m [32m INFO[0m [2mdashboard_server[0m[2m:[0m Received broadcast: marksman_pulse
[2m2026-02-01T00:46:15.214384Z[0m [32m INFO[0m [2mdashboard_server[0m[2m:[0m Sending to WebSocket client: 45876 bytes
[2m2026-02-01T00:46:15.214417Z[0m [32m INFO[0m [2mdashboard_server[0m[2m:[0m Received broadcast: marksman_pulse
[2m2026-02-01T00:46:15.214551Z[0m [32m INFO[0m [2mdashboard_server[0m[2m:[0m Sending to WebSocket client: 45876 bytes
[2m2026-02-01T00:46:23.105018Z[0m [32m INFO[0m [2mdashboard_server[0m[2m:[0m 📡 Telemetry Push: marksman_pulse
[2m2026-02-01T00:46:23.107081Z[0m [32m INFO[0m [2mdashboard_server[0m[2m:[0m Received broadcast: marksman_pulse
[2m2026-02-01T00:46:23.107106Z[0m [32m INFO[0m [2mdashboard_server[0m[2m:[0m Received broadcast: marksman_pulse
[2m2026-02-01T00:46:23.107205Z[0m [32m INFO[0m [2mdashboard_server[0m[2m:[0m Sending to WebSocket client: 45851 bytes
[2m2026-02-01T00:46:23.107218Z[0m [32m INFO[0m [2mdashboard_server[0m[2m:[0m Sending to WebSocket client: 45851 bytes
[2m2026-02-01T00:46:30.727478Z[0m [32m INFO[0m [2mdashboard_server[0m[2m:[0m 📡 Telemetry Push: marksman_pulse
[2m2026-02-01T00:46:30.728620Z[0m [32m INFO[0m [2mdashboard_server[0m[2m:[0m Received broadcast: marksman_pulse
[2m2026-02-01T00:46:30.728674Z[0m [32m INFO[0m [2mdashboard_server[0m[2m:[0m Received broadcast: marksman_pulse
[2m2026-02-01T00:46:30.728753Z[0m [32m INFO[0m [2mdashboard_server[0m[2m:[0m Sending to WebSocket client: 45995 bytes
[2m2026-02-01T00:46:30.728785Z[0m [32m INFO[0m [2mdashboard_server[0m[2m:[0m Sending to WebSocket client: 45995 bytes
[2m2026-02-01T00:46:38.380868Z[0m [32m INFO[0m [2mdashboard_server[0m[2m:[0m 📡 Telemetry Push: marksman_pulse
[2m2026-02-01T00:46:38.383035Z[0m [32m INFO[0m [2mdashboard_server[0m[2m:[0m Received broadcast: marksman_pulse
[2m2026-02-01T00:46:38.383052Z[0m [32m INFO[0m [2mdashboard_server[0m[2m:[0m Received broadcast: marksman_pulse
[2m2026-02-01T00:46:38.383143Z[0m [32m INFO[0m [2mdashboard_server[0m[2m:[0m Sending to WebSocket client: 46030 bytes
[2m2026-02-01T00:46:38.383165Z[0m [32m INFO[0m [2mdashboard_server[0m[2m:[0m Sending to WebSocket client: 46030 bytes
[2m2026-02-01T00:46:46.005370Z[0m [32m INFO[0m [2mdashboard_server[0m[2m:[0m 📡 Telemetry Push: marksman_pulse
[2m2026-02-01T00:46:46.007252Z[0m [32m INFO[0m [2mdashboard_server[0m[2m:[0m Received broadcast: marksman_pulse
[2m2026-02-01T00:46:46.007266Z[0m [32m INFO[0m [2mdashboard_server[0m[2m:[0m Received broadcast: marksman_pulse
[2m2026-02-01T00:46:46.007363Z[0m [32m INFO[0m [2mdashboard_server[0m[2m:[0m Sending to WebSocket client: 46205 bytes
[2m2026-02-01T00:46:46.007384Z[0m [32m INFO[0m [2mdashboard_server[0m[2m:[0m Sending to WebSocket client: 46205 bytes
[2m2026-02-01T00:46:53.716492Z[0m [32m INFO[0m [2mdashboard_server[0m[2m:[0m 📡 Telemetry Push: marksman_pulse
[2m2026-02-01T00:46:53.717317Z[0m [32m INFO[0m [2mdashboard_server[0m[2m:[0m Received broadcast: marksman_pulse
[2m2026-02-01T00:46:53.717441Z[0m [32m INFO[0m [2mdashboard_server[0m[2m:[0m Sending to WebSocket client: 45816 bytes
[2m2026-02-01T00:46:53.717551Z[0m [32m INFO[0m [2mdashboard_server[0m[2m:[0m Received broadcast: marksman_pulse
[2m2026-02-01T00:46:53.717816Z[0m [32m INFO[0m [2mdashboard_server[0m[2m:[0m Sending to WebSocket client: 45816 bytes
[2m2026-02-01T00:47:01.081584Z[0m [32m INFO[0m [2mdashboard_server[0m[2m:[0m 📡 Telemetry Push: marksman_pulse
[2m2026-02-01T00:47:01.083746Z[0m [32m INFO[0m [2mdashboard_server[0m[2m:[0m Received broadcast: marksman_pulse
[2m2026-02-01T00:47:01.083768Z[0m [32m INFO[0m [2mdashboard_server[0m[2m:[0m Received broadcast: marksman_pulse
[2m2026-02-01T00:47:01.083859Z[0m [32m INFO[0m [2mdashboard_server[0m[2m:[0m Sending to WebSocket client: 45890 bytes
[2m2026-02-01T00:47:01.083873Z[0m [32m INFO[0m [2mdashboard_server[0m[2m:[0m Sending to WebSocket client: 45890 bytes
[2m2026-02-01T00:47:09.344904Z[0m [32m INFO[0m [2mdashboard_server[0m[2m:[0m 📡 Telemetry Push: marksman_pulse
[2m2026-02-01T00:47:09.347123Z[0m [32m INFO[0m [2mdashboard_server[0m[2m:[0m Received broadcast: marksman_pulse
[2m2026-02-01T00:47:09.347147Z[0m [32m INFO[0m [2mdashboard_server[0m[2m:[0m Received broadcast: marksman_pulse
[2m2026-02-01T00:47:09.347296Z[0m [32m INFO[0m [2mdashboard_server[0m[2m:[0m Sending to WebSocket client: 46105 bytes
[2m2026-02-01T00:47:09.347625Z[0m [32m INFO[0m [2mdashboard_server[0m[2m:[0m Sending to WebSocket client: 46105 bytes
[2m2026-02-01T00:47:17.379089Z[0m [32m INFO[0m [2mdashboard_server[0m[2m:[0m 📡 Telemetry Push: marksman_pulse
[2m2026-02-01T00:47:17.381370Z[0m [32m INFO[0m [2mdashboard_server[0m[2m:[0m Received broadcast: marksman_pulse
[2m2026-02-01T00:47:17.381479Z[0m [32m INFO[0m [2mdashboard_server[0m[2m:[0m Sending to WebSocket client: 46113 bytes
[2m2026-02-01T00:47:17.381669Z[0m [32m INFO[0m [2mdashboard_server[0m[2m:[0m Received broadcast: marksman_pulse
[2m2026-02-01T00:47:17.382213Z[0m [32m INFO[0m [2mdashboard_server[0m[2m:[0m Sending to WebSocket client: 46113 bytes
[2m2026-02-01T00:47:24.838822Z[0m [32m INFO[0m [2mdashboard_server[0m[2m:[0m 📡 Telemetry Push: marksman_pulse
[2m2026-02-01T00:47:24.840311Z[0m [32m INFO[0m [2mdashboard_server[0m[2m:[0m Received broadcast: marksman_pulse
[2m2026-02-01T00:47:24.840356Z[0m [32m INFO[0m [2mdashboard_server[0m[2m:[0m Received broadcast: marksman_pulse
[2m2026-02-01T00:47:24.840423Z[0m [32m INFO[0m [2mdashboard_server[0m[2m:[0m Sending to WebSocket client: 45919 bytes
[2m2026-02-01T00:47:24.840642Z[0m [32m INFO[0m [2mdashboard_server[0m[2m:[0m Sending to WebSocket client: 45919 bytes
[2m2026-02-01T00:47:32.216033Z[0m [32m INFO[0m [2mdashboard_server[0m[2m:[0m 📡 Telemetry Push: marksman_pulse
[2m2026-02-01T00:47:32.217281Z[0m [32m INFO[0m [2mdashboard_server[0m[2m:[0m Received broadcast: marksman_pulse
[2m2026-02-01T00:47:32.217300Z[0m [32m INFO[0m [2mdashboard_server[0m[2m:[0m Received broadcast: marksman_pulse
[2m2026-02-01T00:47:32.217392Z[0m [32m INFO[0m [2mdashboard_server[0m[2m:[0m Sending to WebSocket client: 45929 bytes
[2m2026-02-01T00:47:32.217402Z[0m [32m INFO[0m [2mdashboard_server[0m[2m:[0m Sending to WebSocket client: 45929 bytes
[2m2026-02-01T00:47:39.835078Z[0m [32m INFO[0m [2mdashboard_server[0m[2m:[0m 📡 Telemetry Push: marksman_pulse
[2m2026-02-01T00:47:39.837101Z[0m [32m INFO[0m [2mdashboard_server[0m[2m:[0m Received broadcast: marksman_pulse
[2m2026-02-01T00:47:39.837308Z[0m [32m INFO[0m [2mdashboard_server[0m[2m:[0m Sending to WebSocket client: 46197 bytes
[2m2026-02-01T00:47:39.837337Z[0m [32m INFO[0m [2mdashboard_server[0m[2m:[0m Received broadcast: marksman_pulse
[2m2026-02-01T00:47:39.837431Z[0m [32m INFO[0m [2mdashboard_server[0m[2m:[0m Sending to WebSocket client: 46197 bytes
[2m2026-02-01T00:47:47.470197Z[0m [32m INFO[0m [2mdashboard_server[0m[2m:[0m 📡 Telemetry Push: marksman_pulse
[2m2026-02-01T00:47:47.472103Z[0m [32m INFO[0m [2mdashboard_server[0m[2m:[0m Received broadcast: marksman_pulse
[2m2026-02-01T00:47:47.472177Z[0m [32m INFO[0m [2mdashboard_server[0m[2m:[0m Received broadcast: marksman_pulse
[2m2026-02-01T00:47:47.472263Z[0m [32m INFO[0m [2mdashboard_server[0m[2m:[0m Sending to WebSocket client: 45867 bytes
[2m2026-02-01T00:47:47.472331Z[0m [32m INFO[0m [2mdashboard_server[0m[2m:[0m Sending to WebSocket client: 45867 bytes
[2m2026-02-01T00:47:55.458957Z[0m [32m INFO[0m [2mdashboard_server[0m[2m:[0m 📡 Telemetry Push: marksman_pulse
[2m2026-02-01T00:47:55.460209Z[0m [32m INFO[0m [2mdashboard_server[0m[2m:[0m Received broadcast: marksman_pulse
[2m2026-02-01T00:47:55.460272Z[0m [32m INFO[0m [2mdashboard_server[0m[2m:[0m Received broadcast: marksman_pulse
[2m2026-02-01T00:47:55.460305Z[0m [32m INFO[0m [2mdashboard_server[0m[2m:[0m Sending to WebSocket client: 46215 bytes
[2m2026-02-01T00:47:55.460426Z[0m [32m INFO[0m [2mdashboard_server[0m[2m:[0m Sending to WebSocket client: 46215 bytes
[2m2026-02-01T00:48:02.763767Z[0m [32m INFO[0m [2mdashboard_server[0m[2m:[0m 📡 Telemetry Push: marksman_pulse
[2m2026-02-01T00:48:02.766104Z[0m [32m INFO[0m [2mdashboard_server[0m[2m:[0m Received broadcast: marksman_pulse
[2m2026-02-01T00:48:02.766172Z[0m [32m INFO[0m [2mdashboard_server[0m[2m:[0m Received broadcast: marksman_pulse
[2m2026-02-01T00:48:02.766209Z[0m [32m INFO[0m [2mdashboard_server[0m[2m:[0m Sending to WebSocket client: 46102 bytes
[2m2026-02-01T00:48:02.766282Z[0m [32m INFO[0m [2mdashboard_server[0m[2m:[0m Sending to WebSocket client: 46102 bytes
[2m2026-02-01T00:48:10.051649Z[0m [32m INFO[0m [2mdashboard_server[0m[2m:[0m 📡 Telemetry Push: marksman_pulse
[2m2026-02-01T00:48:10.052935Z[0m [32m INFO[0m [2mdashboard_server[0m[2m:[0m Received broadcast: marksman_pulse
[2m2026-02-01T00:48:10.052948Z[0m [32m INFO[0m [2mdashboard_server[0m[2m:[0m Received broadcast: marksman_pulse
[2m2026-02-01T00:48:10.053104Z[0m [32m INFO[0m [2mdashboard_server[0m[2m:[0m Sending to WebSocket client: 45928 bytes
[2m2026-02-01T00:48:10.054070Z[0m [32m INFO[0m [2mdashboard_server[0m[2m:[0m Sending to WebSocket client: 45928 bytes
[2m2026-02-01T00:48:17.231519Z[0m [32m INFO[0m [2mdashboard_server[0m[2m:[0m 📡 Telemetry Push: marksman_pulse
[2m2026-02-01T00:48:17.233637Z[0m [32m INFO[0m [2mdashboard_server[0m[2m:[0m Received broadcast: marksman_pulse
[2m2026-02-01T00:48:17.233830Z[0m [32m INFO[0m [2mdashboard_server[0m[2m:[0m Sending to WebSocket client: 45917 bytes
[2m2026-02-01T00:48:17.234051Z[0m [32m INFO[0m [2mdashboard_server[0m[2m:[0m Received broadcast: marksman_pulse
[2m2026-02-01T00:48:17.234162Z[0m [32m INFO[0m [2mdashboard_server[0m[2m:[0m Sending to WebSocket client: 45917 bytes
[2m2026-02-01T00:48:24.648089Z[0m [32m INFO[0m [2mdashboard_server[0m[2m:[0m 📡 Telemetry Push: marksman_pulse
[2m2026-02-01T00:48:24.650413Z[0m [32m INFO[0m [2mdashboard_server[0m[2m:[0m Received broadcast: marksman_pulse
[2m2026-02-01T00:48:24.650565Z[0m [32m INFO[0m [2mdashboard_server[0m[2m:[0m Sending to WebSocket client: 46059 bytes
[2m2026-02-01T00:48:24.650573Z[0m [32m INFO[0m [2mdashboard_server[0m[2m:[0m Received broadcast: marksman_pulse
[2m2026-02-01T00:48:24.650747Z[0m [32m INFO[0m [2mdashboard_server[0m[2m:[0m Sending to WebSocket client: 46059 bytes
[2m2026-02-01T00:48:32.377507Z[0m [32m INFO[0m [2mdashboard_server[0m[2m:[0m 📡 Telemetry Push: marksman_pulse
[2m2026-02-01T00:48:32.381044Z[0m [32m INFO[0m [2mdashboard_server[0m[2m:[0m Received broadcast: marksman_pulse
[2m2026-02-01T00:48:32.381073Z[0m [32m INFO[0m [2mdashboard_server[0m[2m:[0m Received broadcast: marksman_pulse
[2m2026-02-01T00:48:32.381159Z[0m [32m INFO[0m [2mdashboard_server[0m[2m:[0m Sending to WebSocket client: 45801 bytes
[2m2026-02-01T00:48:32.381184Z[0m [32m INFO[0m [2mdashboard_server[0m[2m:[0m Sending to WebSocket client: 45801 bytes
[2m2026-02-01T00:48:40.205662Z[0m [32m INFO[0m [2mdashboard_server[0m[2m:[0m 📡 Telemetry Push: marksman_pulse
[2m2026-02-01T00:48:40.207349Z[0m [32m INFO[0m [2mdashboard_server[0m[2m:[0m Received broadcast: marksman_pulse
[2m2026-02-01T00:48:40.207486Z[0m [32m INFO[0m [2mdashboard_server[0m[2m:[0m Sending to WebSocket client: 45829 bytes
[2m2026-02-01T00:48:40.207628Z[0m [32m INFO[0m [2mdashboard_server[0m[2m:[0m Received broadcast: marksman_pulse
[2m2026-02-01T00:48:40.208511Z[0m [32m INFO[0m [2mdashboard_server[0m[2m:[0m Sending to WebSocket client: 45829 bytes
[2m2026-02-01T00:48:47.882092Z[0m [32m INFO[0m [2mdashboard_server[0m[2m:[0m 📡 Telemetry Push: marksman_pulse
[2m2026-02-01T00:48:47.883232Z[0m [32m INFO[0m [2mdashboard_server[0m[2m:[0m Received broadcast: marksman_pulse
[2m2026-02-01T00:48:47.883366Z[0m [32m INFO[0m [2mdashboard_server[0m[2m:[0m Sending to WebSocket client: 45971 bytes
[2m2026-02-01T00:48:47.883570Z[0m [32m INFO[0m [2mdashboard_server[0m[2m:[0m Received broadcast: marksman_pulse
[2m2026-02-01T00:48:47.883800Z[0m [32m INFO[0m [2mdashboard_server[0m[2m:[0m Sending to WebSocket client: 45971 bytes
[2m2026-02-01T00:48:56.500503Z[0m [32m INFO[0m [2mdashboard_server[0m[2m:[0m 📡 Telemetry Push: marksman_pulse
[2m2026-02-01T00:48:56.506907Z[0m [32m INFO[0m [2mdashboard_server[0m[2m:[0m Received broadcast: marksman_pulse
[2m2026-02-01T00:48:56.507298Z[0m [32m INFO[0m [2mdashboard_server[0m[2m:[0m Sending to WebSocket client: 46211 bytes
[2m2026-02-01T00:48:56.508768Z[0m [32m INFO[0m [2mdashboard_server[0m[2m:[0m Received broadcast: marksman_pulse
[2m2026-02-01T00:48:56.509432Z[0m [32m INFO[0m [2mdashboard_server[0m[2m:[0m Sending to WebSocket client: 46211 bytes
[2m2026-02-01T00:49:12.898122Z[0m [32m INFO[0m [2mdashboard_server[0m[2m:[0m 📡 Telemetry Push: marksman_pulse
[2m2026-02-01T00:49:12.900939Z[0m [32m INFO[0m [2mdashboard_server[0m[2m:[0m Received broadcast: marksman_pulse
[2m2026-02-01T00:49:12.901059Z[0m [32m INFO[0m [2mdashboard_server[0m[2m:[0m Sending to WebSocket client: 46169 bytes
[2m2026-02-01T00:49:12.901143Z[0m [32m INFO[0m [2mdashboard_server[0m[2m:[0m Received broadcast: marksman_pulse
[2m2026-02-01T00:49:12.901224Z[0m [32m INFO[0m [2mdashboard_server[0m[2m:[0m Sending to WebSocket client: 46169 bytes
[2m2026-02-01T00:49:31.387131Z[0m [32m INFO[0m [2mdashboard_server[0m[2m:[0m 📡 Telemetry Push: marksman_pulse
[2m2026-02-01T00:49:31.389420Z[0m [32m INFO[0m [2mdashboard_server[0m[2m:[0m Received broadcast: marksman_pulse
[2m2026-02-01T00:49:31.389497Z[0m [32m INFO[0m [2mdashboard_server[0m[2m:[0m Received broadcast: marksman_pulse
[2m2026-02-01T00:49:31.389546Z[0m [32m INFO[0m [2mdashboard_server[0m[2m:[0m Sending to WebSocket client: 46220 bytes
[2m2026-02-01T00:49:31.390345Z[0m [32m INFO[0m [2mdashboard_server[0m[2m:[0m Sending to WebSocket client: 46220 bytes
[2m2026-02-01T00:49:55.257382Z[0m [32m INFO[0m [2mdashboard_server[0m[2m:[0m 📡 Telemetry Push: marksman_pulse
[2m2026-02-01T00:49:55.264853Z[0m [32m INFO[0m [2mdashboard_server[0m[2m:[0m Received broadcast: marksman_pulse
[2m2026-02-01T00:49:55.265597Z[0m [32m INFO[0m [2mdashboard_server[0m[2m:[0m Sending to WebSocket client: 46026 bytes
[2m2026-02-01T00:49:55.266238Z[0m [32m INFO[0m [2mdashboard_server[0m[2m:[0m Received broadcast: marksman_pulse
[2m2026-02-01T00:49:55.266447Z[0m [32m INFO[0m [2mdashboard_server[0m[2m:[0m Sending to WebSocket client: 46026 bytes
[2m2026-02-01T00:50:07.532368Z[0m [32m INFO[0m [2mdashboard_server[0m[2m:[0m 📡 Telemetry Push: marksman_pulse
[2m2026-02-01T00:50:07.548905Z[0m [32m INFO[0m [2mdashboard_server[0m[2m:[0m Received broadcast: marksman_pulse
[2m2026-02-01T00:50:07.549006Z[0m [32m INFO[0m [2mdashboard_server[0m[2m:[0m Received broadcast: marksman_pulse
[2m2026-02-01T00:50:07.549109Z[0m [32m INFO[0m [2mdashboard_server[0m[2m:[0m Sending to WebSocket client: 45842 bytes
[2m2026-02-01T00:50:07.552147Z[0m [32m INFO[0m [2mdashboard_server[0m[2m:[0m Sending to WebSocket client: 45842 bytes
[2m2026-02-01T00:50:18.359701Z[0m [32m INFO[0m [2mdashboard_server[0m[2m:[0m 📡 Telemetry Push: marksman_pulse
[2m2026-02-01T00:50:18.361947Z[0m [32m INFO[0m [2mdashboard_server[0m[2m:[0m Received broadcast: marksman_pulse
[2m2026-02-01T00:50:18.362077Z[0m [32m INFO[0m [2mdashboard_server[0m[2m:[0m Sending to WebSocket client: 45911 bytes
[2m2026-02-01T00:50:18.362182Z[0m [32m INFO[0m [2mdashboard_server[0m[2m:[0m Received broadcast: marksman_pulse
[2m2026-02-01T00:50:18.362298Z[0m [32m INFO[0m [2mdashboard_server[0m[2m:[0m Sending to WebSocket client: 45911 bytes
[2m2026-02-01T00:50:28.841548Z[0m [32m INFO[0m [2mdashboard_server[0m[2m:[0m 📡 Telemetry Push: marksman_pulse
[2m2026-02-01T00:50:28.844871Z[0m [32m INFO[0m [2mdashboard_server[0m[2m:[0m Received broadcast: marksman_pulse
[2m2026-02-01T00:50:28.844882Z[0m [32m INFO[0m [2mdashboard_server[0m[2m:[0m Received broadcast: marksman_pulse
[2m2026-02-01T00:50:28.844996Z[0m [32m INFO[0m [2mdashboard_server[0m[2m:[0m Sending to WebSocket client: 46098 bytes
[2m2026-02-01T00:50:28.845076Z[0m [32m INFO[0m [2mdashboard_server[0m[2m:[0m Sending to WebSocket client: 46098 bytes
[2m2026-02-01T00:50:39.631005Z[0m [32m INFO[0m [2mdashboard_server[0m[2m:[0m 📡 Telemetry Push: marksman_pulse
[2m2026-02-01T00:50:39.636391Z[0m [32m INFO[0m [2mdashboard_server[0m[2m:[0m Received broadcast: marksman_pulse
[2m2026-02-01T00:50:39.636417Z[0m [32m INFO[0m [2mdashboard_server[0m[2m:[0m Received broadcast: marksman_pulse
[2m2026-02-01T00:50:39.636489Z[0m [32m INFO[0m [2mdashboard_server[0m[2m:[0m Sending to WebSocket client: 45936 bytes
[2m2026-02-01T00:50:39.636559Z[0m [32m INFO[0m [2mdashboard_server[0m[2m:[0m Sending to WebSocket client: 45936 bytes
[2m2026-02-01T00:50:56.798182Z[0m [32m INFO[0m [2mdashboard_server[0m[2m:[0m 📡 Telemetry Push: marksman_pulse
[2m2026-02-01T00:50:56.819304Z[0m [32m INFO[0m [2mdashboard_server[0m[2m:[0m Received broadcast: marksman_pulse
[2m2026-02-01T00:50:56.821187Z[0m [32m INFO[0m [2mdashboard_server[0m[2m:[0m Received broadcast: marksman_pulse
[2m2026-02-01T00:50:56.822614Z[0m [32m INFO[0m [2mdashboard_server[0m[2m:[0m Sending to WebSocket client: 46060 bytes
[2m2026-02-01T00:50:56.824689Z[0m [32m INFO[0m [2mdashboard_server[0m[2m:[0m Sending to WebSocket client: 46060 bytes
[2m2026-02-01T00:51:27.927705Z[0m [32m INFO[0m [2mdashboard_server[0m[2m:[0m 📡 Telemetry Push: marksman_pulse
[2m2026-02-01T00:51:27.934050Z[0m [32m INFO[0m [2mdashboard_server[0m[2m:[0m Received broadcast: marksman_pulse
[2m2026-02-01T00:51:27.935216Z[0m [32m INFO[0m [2mdashboard_server[0m[2m:[0m Sending to WebSocket client: 45894 bytes
[2m2026-02-01T00:51:27.937754Z[0m [32m INFO[0m [2mdashboard_server[0m[2m:[0m Received broadcast: marksman_pulse
[2m2026-02-01T00:51:27.938705Z[0m [32m INFO[0m [2mdashboard_server[0m[2m:[0m Sending to WebSocket client: 45894 bytes
[2m2026-02-01T00:51:44.030389Z[0m [32m INFO[0m [2mdashboard_server[0m[2m:[0m 📡 Telemetry Push: marksman_pulse
[2m2026-02-01T00:51:44.031544Z[0m [32m INFO[0m [2mdashboard_server[0m[2m:[0m Received broadcast: marksman_pulse
[2m2026-02-01T00:51:44.031649Z[0m [32m INFO[0m [2mdashboard_server[0m[2m:[0m Sending to WebSocket client: 46170 bytes
[2m2026-02-01T00:51:44.032237Z[0m [32m INFO[0m [2mdashboard_server[0m[2m:[0m Received broadcast: marksman_pulse
[2m2026-02-01T00:51:44.032326Z[0m [32m INFO[0m [2mdashboard_server[0m[2m:[0m Sending to WebSocket client: 46170 bytes
[2m2026-02-01T00:51:53.054751Z[0m [32m INFO[0m [2mdashboard_server[0m[2m:[0m 📡 Telemetry Push: marksman_pulse
[2m2026-02-01T00:51:53.065036Z[0m [32m INFO[0m [2mdashboard_server[0m[2m:[0m Received broadcast: marksman_pulse
[2m2026-02-01T00:51:53.065120Z[0m [32m INFO[0m [2mdashboard_server[0m[2m:[0m Received broadcast: marksman_pulse
[2m2026-02-01T00:51:53.065172Z[0m [32m INFO[0m [2mdashboard_server[0m[2m:[0m Sending to WebSocket client: 46110 bytes
[2m2026-02-01T00:51:53.068048Z[0m [32m INFO[0m [2mdashboard_server[0m[2m:[0m Sending to WebSocket client: 46110 bytes
[2m2026-02-01T00:52:03.442892Z[0m [32m INFO[0m [2mdashboard_server[0m[2m:[0m 📡 Telemetry Push: marksman_pulse
[2m2026-02-01T00:52:03.443589Z[0m [32m INFO[0m [2mdashboard_server[0m[2m:[0m Received broadcast: marksman_pulse
[2m2026-02-01T00:52:03.443727Z[0m [32m INFO[0m [2mdashboard_server[0m[2m:[0m Sending to WebSocket client: 45940 bytes
[2m2026-02-01T00:52:03.443848Z[0m [32m INFO[0m [2mdashboard_server[0m[2m:[0m Received broadcast: marksman_pulse
[2m2026-02-01T00:52:03.443932Z[0m [32m INFO[0m [2mdashboard_server[0m[2m:[0m Sending to WebSocket client: 45940 bytes
[2m2026-02-01T00:52:11.369387Z[0m [32m INFO[0m [2mdashboard_server[0m[2m:[0m 📡 Telemetry Push: marksman_pulse
[2m2026-02-01T00:52:11.371311Z[0m [32m INFO[0m [2mdashboard_server[0m[2m:[0m Received broadcast: marksman_pulse
[2m2026-02-01T00:52:11.371325Z[0m [32m INFO[0m [2mdashboard_server[0m[2m:[0m Received broadcast: marksman_pulse
[2m2026-02-01T00:52:11.371613Z[0m [32m INFO[0m [2mdashboard_server[0m[2m:[0m Sending to WebSocket client: 45834 bytes
[2m2026-02-01T00:52:11.371727Z[0m [32m INFO[0m [2mdashboard_server[0m[2m:[0m Sending to WebSocket client: 45834 bytes
[2m2026-02-01T00:52:19.061964Z[0m [32m INFO[0m [2mdashboard_server[0m[2m:[0m 📡 Telemetry Push: marksman_pulse
[2m2026-02-01T00:52:19.066109Z[0m [32m INFO[0m [2mdashboard_server[0m[2m:[0m Received broadcast: marksman_pulse
[2m2026-02-01T00:52:19.066303Z[0m [32m INFO[0m [2mdashboard_server[0m[2m:[0m Received broadcast: marksman_pulse
[2m2026-02-01T00:52:19.066625Z[0m [32m INFO[0m [2mdashboard_server[0m[2m:[0m Sending to WebSocket client: 45926 bytes
[2m2026-02-01T00:52:19.067433Z[0m [32m INFO[0m [2mdashboard_server[0m[2m:[0m Sending to WebSocket client: 45926 bytes
[2m2026-02-01T00:52:26.628939Z[0m [32m INFO[0m [2mdashboard_server[0m[2m:[0m 📡 Telemetry Push: marksman_pulse
[2m2026-02-01T00:52:26.630055Z[0m [32m INFO[0m [2mdashboard_server[0m[2m:[0m Received broadcast: marksman_pulse
[2m2026-02-01T00:52:26.630110Z[0m [32m INFO[0m [2mdashboard_server[0m[2m:[0m Received broadcast: marksman_pulse
[2m2026-02-01T00:52:26.630198Z[0m [32m INFO[0m [2mdashboard_server[0m[2m:[0m Sending to WebSocket client: 45830 bytes
[2m2026-02-01T00:52:26.630256Z[0m [32m INFO[0m [2mdashboard_server[0m[2m:[0m Sending to WebSocket client: 45830 bytes
[2m2026-02-01T00:52:33.962878Z[0m [32m INFO[0m [2mdashboard_server[0m[2m:[0m 📡 Telemetry Push: marksman_pulse
[2m2026-02-01T00:52:33.964933Z[0m [32m INFO[0m [2mdashboard_server[0m[2m:[0m Received broadcast: marksman_pulse
[2m2026-02-01T00:52:33.964948Z[0m [32m INFO[0m [2mdashboard_server[0m[2m:[0m Received broadcast: marksman_pulse
[2m2026-02-01T00:52:33.965062Z[0m [32m INFO[0m [2mdashboard_server[0m[2m:[0m Sending to WebSocket client: 46064 bytes
[2m2026-02-01T00:52:33.965205Z[0m [32m INFO[0m [2mdashboard_server[0m[2m:[0m Sending to WebSocket client: 46064 bytes
[2m2026-02-01T00:52:41.489347Z[0m [32m INFO[0m [2mdashboard_server[0m[2m:[0m 📡 Telemetry Push: marksman_pulse
[2m2026-02-01T00:52:41.494177Z[0m [32m INFO[0m [2mdashboard_server[0m[2m:[0m Received broadcast: marksman_pulse
[2m2026-02-01T00:52:41.496578Z[0m [32m INFO[0m [2mdashboard_server[0m[2m:[0m Received broadcast: marksman_pulse
[2m2026-02-01T00:52:41.497656Z[0m [32m INFO[0m [2mdashboard_server[0m[2m:[0m Sending to WebSocket client: 46162 bytes
[2m2026-02-01T00:52:41.498908Z[0m [32m INFO[0m [2mdashboard_server[0m[2m:[0m Sending to WebSocket client: 46162 bytes
[2m2026-02-01T00:52:50.492840Z[0m [32m INFO[0m [2mdashboard_server[0m[2m:[0m 📡 Telemetry Push: marksman_pulse
[2m2026-02-01T00:52:50.494275Z[0m [32m INFO[0m [2mdashboard_server[0m[2m:[0m Received broadcast: marksman_pulse
[2m2026-02-01T00:52:50.494411Z[0m [32m INFO[0m [2mdashboard_server[0m[2m:[0m Sending to WebSocket client: 45964 bytes
[2m2026-02-01T00:52:50.494485Z[0m [32m INFO[0m [2mdashboard_server[0m[2m:[0m Received broadcast: marksman_pulse
[2m2026-02-01T00:52:50.494586Z[0m [32m INFO[0m [2mdashboard_server[0m[2m:[0m Sending to WebSocket client: 45964 bytes
[2m2026-02-01T00:52:58.766293Z[0m [32m INFO[0m [2mdashboard_server[0m[2m:[0m 📡 Telemetry Push: marksman_pulse
[2m2026-02-01T00:52:58.769988Z[0m [32m INFO[0m [2mdashboard_server[0m[2m:[0m Received broadcast: marksman_pulse
[2m2026-02-01T00:52:58.770211Z[0m [32m INFO[0m [2mdashboard_server[0m[2m:[0m Sending to WebSocket client: 46058 bytes
[2m2026-02-01T00:52:58.770631Z[0m [32m INFO[0m [2mdashboard_server[0m[2m:[0m Received broadcast: marksman_pulse
[2m2026-02-01T00:52:58.771494Z[0m [32m INFO[0m [2mdashboard_server[0m[2m:[0m Sending to WebSocket client: 46058 bytes
[2m2026-02-01T00:53:23.397585Z[0m [32m INFO[0m [2mdashboard_server[0m[2m:[0m 📡 Telemetry Push: marksman_pulse
[2m2026-02-01T00:53:23.423678Z[0m [32m INFO[0m [2mdashboard_server[0m[2m:[0m Received broadcast: marksman_pulse
[2m2026-02-01T00:53:23.424358Z[0m [32m INFO[0m [2mdashboard_server[0m[2m:[0m Sending to WebSocket client: 45904 bytes
[2m2026-02-01T00:53:23.424468Z[0m [32m INFO[0m [2mdashboard_server[0m[2m:[0m Received broadcast: marksman_pulse
[2m2026-02-01T00:53:23.427628Z[0m [32m INFO[0m [2mdashboard_server[0m[2m:[0m Sending to WebSocket client: 45904 bytes
[2m2026-02-01T00:53:40.167704Z[0m [32m INFO[0m [2mdashboard_server[0m[2m:[0m 📡 Telemetry Push: marksman_pulse
[2m2026-02-01T00:53:40.169688Z[0m [32m INFO[0m [2mdashboard_server[0m[2m:[0m Received broadcast: marksman_pulse
[2m2026-02-01T00:53:40.170362Z[0m [32m INFO[0m [2mdashboard_server[0m[2m:[0m Sending to WebSocket client: 45779 bytes
[2m2026-02-01T00:53:40.170742Z[0m [32m INFO[0m [2mdashboard_server[0m[2m:[0m Received broadcast: marksman_pulse
[2m2026-02-01T00:53:40.171478Z[0m [32m INFO[0m [2mdashboard_server[0m[2m:[0m Sending to WebSocket client: 45779 bytes
[2m2026-02-01T00:54:02.364485Z[0m [32m INFO[0m [2mdashboard_server[0m[2m:[0m 📡 Telemetry Push: marksman_pulse
[2m2026-02-01T00:54:02.386724Z[0m [32m INFO[0m [2mdashboard_server[0m[2m:[0m Received broadcast: marksman_pulse
[2m2026-02-01T00:54:02.386887Z[0m [32m INFO[0m [2mdashboard_server[0m[2m:[0m Sending to WebSocket client: 45917 bytes
[2m2026-02-01T00:54:02.387339Z[0m [32m INFO[0m [2mdashboard_server[0m[2m:[0m Received broadcast: marksman_pulse
[2m2026-02-01T00:54:02.390768Z[0m [32m INFO[0m [2mdashboard_server[0m[2m:[0m Sending to WebSocket client: 45917 bytes
[2m2026-02-01T00:54:24.440370Z[0m [32m INFO[0m [2mdashboard_server[0m[2m:[0m 📡 Telemetry Push: marksman_pulse
[2m2026-02-01T00:54:24.442116Z[0m [32m INFO[0m [2mdashboard_server[0m[2m:[0m Received broadcast: marksman_pulse
[2m2026-02-01T00:54:24.442582Z[0m [32m INFO[0m [2mdashboard_server[0m[2m:[0m Received broadcast: marksman_pulse
[2m2026-02-01T00:54:24.442995Z[0m [32m INFO[0m [2mdashboard_server[0m[2m:[0m Sending to WebSocket client: 45831 bytes
[2m2026-02-01T00:54:24.443341Z[0m [32m INFO[0m [2mdashboard_server[0m[2m:[0m Sending to WebSocket client: 45831 bytes
[2m2026-02-01T00:54:50.594037Z[0m [32m INFO[0m [2mdashboard_server[0m[2m:[0m 📡 Telemetry Push: marksman_pulse
[2m2026-02-01T00:54:50.609725Z[0m [32m INFO[0m [2mdashboard_server[0m[2m:[0m Received broadcast: marksman_pulse
[2m2026-02-01T00:54:50.609878Z[0m [32m INFO[0m [2mdashboard_server[0m[2m:[0m Sending to WebSocket client: 46140 bytes
[2m2026-02-01T00:54:50.611595Z[0m [32m INFO[0m [2mdashboard_server[0m[2m:[0m Received broadcast: marksman_pulse
[2m2026-02-01T00:54:50.614923Z[0m [32m INFO[0m [2mdashboard_server[0m[2m:[0m Sending to WebSocket client: 46140 bytes
[2m2026-02-01T00:55:16.859645Z[0m [32m INFO[0m [2mdashboard_server[0m[2m:[0m 📡 Telemetry Push: marksman_pulse
[2m2026-02-01T00:55:16.861790Z[0m [32m INFO[0m [2mdashboard_server[0m[2m:[0m Received broadcast: marksman_pulse
[2m2026-02-01T00:55:16.862868Z[0m [32m INFO[0m [2mdashboard_server[0m[2m:[0m Sending to WebSocket client: 45746 bytes
[2m2026-02-01T00:55:16.863391Z[0m [32m INFO[0m [2mdashboard_server[0m[2m:[0m Received broadcast: marksman_pulse
[2m2026-02-01T00:55:16.863834Z[0m [32m INFO[0m [2mdashboard_server[0m[2m:[0m Sending to WebSocket client: 45746 bytes
[2m2026-02-01T00:55:31.595286Z[0m [32m INFO[0m [2mdashboard_server[0m[2m:[0m 📡 Telemetry Push: marksman_pulse
[2m2026-02-01T00:55:31.606866Z[0m [32m INFO[0m [2mdashboard_server[0m[2m:[0m Received broadcast: marksman_pulse
[2m2026-02-01T00:55:31.608398Z[0m [32m INFO[0m [2mdashboard_server[0m[2m:[0m Received broadcast: marksman_pulse
[2m2026-02-01T00:55:31.609202Z[0m [32m INFO[0m [2mdashboard_server[0m[2m:[0m Sending to WebSocket client: 45847 bytes
[2m2026-02-01T00:55:31.612295Z[0m [32m INFO[0m [2mdashboard_server[0m[2m:[0m Sending to WebSocket client: 45847 bytes
[2m2026-02-01T00:55:42.580411Z[0m [32m INFO[0m [2mdashboard_server[0m[2m:[0m 📡 Telemetry Push: marksman_pulse
[2m2026-02-01T00:55:42.582683Z[0m [32m INFO[0m [2mdashboard_server[0m[2m:[0m Received broadcast: marksman_pulse
[2m2026-02-01T00:55:42.582697Z[0m [32m INFO[0m [2mdashboard_server[0m[2m:[0m Received broadcast: marksman_pulse
[2m2026-02-01T00:55:42.582899Z[0m [32m INFO[0m [2mdashboard_server[0m[2m:[0m Sending to WebSocket client: 46098 bytes
[2m2026-02-01T00:55:42.583165Z[0m [32m INFO[0m [2mdashboard_server[0m[2m:[0m Sending to WebSocket client: 46098 bytes
[2m2026-02-01T00:55:51.793242Z[0m [32m INFO[0m [2mdashboard_server[0m[2m:[0m 📡 Telemetry Push: marksman_pulse
[2m2026-02-01T00:55:51.860426Z[0m [32m INFO[0m [2mdashboard_server[0m[2m:[0m Received broadcast: marksman_pulse
[2m2026-02-01T00:55:51.876181Z[0m [32m INFO[0m [2mdashboard_server[0m[2m:[0m Sending to WebSocket client: 45931 bytes
[2m2026-02-01T00:55:51.882504Z[0m [32m INFO[0m [2mdashboard_server[0m[2m:[0m Received broadcast: marksman_pulse
[2m2026-02-01T00:55:51.883360Z[0m [32m INFO[0m [2mdashboard_server[0m[2m:[0m Sending to WebSocket client: 45931 bytes
[2m2026-02-01T00:56:01.910701Z[0m [32m INFO[0m [2mdashboard_server[0m[2m:[0m 📡 Telemetry Push: marksman_pulse
[2m2026-02-01T00:56:01.913449Z[0m [32m INFO[0m [2mdashboard_server[0m[2m:[0m Received broadcast: marksman_pulse
[2m2026-02-01T00:56:01.915174Z[0m [32m INFO[0m [2mdashboard_server[0m[2m:[0m Sending to WebSocket client: 45899 bytes
[2m2026-02-01T00:56:01.915338Z[0m [32m INFO[0m [2mdashboard_server[0m[2m:[0m Received broadcast: marksman_pulse
[2m2026-02-01T00:56:01.916221Z[0m [32m INFO[0m [2mdashboard_server[0m[2m:[0m Sending to WebSocket client: 45899 bytes
[2m2026-02-01T00:56:16.026845Z[0m [32m INFO[0m [2mdashboard_server[0m[2m:[0m 📡 Telemetry Push: marksman_pulse
[2m2026-02-01T00:56:16.029165Z[0m [32m INFO[0m [2mdashboard_server[0m[2m:[0m Received broadcast: marksman_pulse
[2m2026-02-01T00:56:16.029258Z[0m [32m INFO[0m [2mdashboard_server[0m[2m:[0m Sending to WebSocket client: 46093 bytes
[2m2026-02-01T00:56:16.029543Z[0m [32m INFO[0m [2mdashboard_server[0m[2m:[0m Received broadcast: marksman_pulse
[2m2026-02-01T00:56:16.029627Z[0m [32m INFO[0m [2mdashboard_server[0m[2m:[0m Sending to WebSocket client: 46093 bytes
[2m2026-02-01T00:56:41.647046Z[0m [32m INFO[0m [2mdashboard_server[0m[2m:[0m 📡 Telemetry Push: marksman_pulse
[2m2026-02-01T00:56:41.664732Z[0m [32m INFO[0m [2mdashboard_server[0m[2m:[0m Received broadcast: marksman_pulse
[2m2026-02-01T00:56:41.664894Z[0m [32m INFO[0m [2mdashboard_server[0m[2m:[0m Sending to WebSocket client: 46121 bytes
[2m2026-02-01T00:56:41.664996Z[0m [32m INFO[0m [2mdashboard_server[0m[2m:[0m Received broadcast: marksman_pulse
[2m2026-02-01T00:56:41.665578Z[0m [32m INFO[0m [2mdashboard_server[0m[2m:[0m Sending to WebSocket client: 46121 bytes
[2m2026-02-01T00:56:54.663350Z[0m [32m INFO[0m [2mdashboard_server[0m[2m:[0m 📡 Telemetry Push: marksman_pulse
[2m2026-02-01T00:56:54.669037Z[0m [32m INFO[0m [2mdashboard_server[0m[2m:[0m Received broadcast: marksman_pulse
[2m2026-02-01T00:56:54.669141Z[0m [32m INFO[0m [2mdashboard_server[0m[2m:[0m Sending to WebSocket client: 45833 bytes
[2m2026-02-01T00:56:54.669616Z[0m [32m INFO[0m [2mdashboard_server[0m[2m:[0m Received broadcast: marksman_pulse
[2m2026-02-01T00:56:54.669705Z[0m [32m INFO[0m [2mdashboard_server[0m[2m:[0m Sending to WebSocket client: 45833 bytes
[2m2026-02-01T00:57:04.068876Z[0m [32m INFO[0m [2mdashboard_server[0m[2m:[0m 📡 Telemetry Push: marksman_pulse
[2m2026-02-01T00:57:04.074259Z[0m [32m INFO[0m [2mdashboard_server[0m[2m:[0m Received broadcast: marksman_pulse
[2m2026-02-01T00:57:04.074408Z[0m [32m INFO[0m [2mdashboard_server[0m[2m:[0m Sending to WebSocket client: 46082 bytes
[2m2026-02-01T00:57:04.074714Z[0m [32m INFO[0m [2mdashboard_server[0m[2m:[0m Received broadcast: marksman_pulse
[2m2026-02-01T00:57:04.075740Z[0m [32m INFO[0m [2mdashboard_server[0m[2m:[0m Sending to WebSocket client: 46082 bytes
[2m2026-02-01T00:57:12.601078Z[0m [32m INFO[0m [2mdashboard_server[0m[2m:[0m 📡 Telemetry Push: marksman_pulse
[2m2026-02-01T00:57:12.602494Z[0m [32m INFO[0m [2mdashboard_server[0m[2m:[0m Received broadcast: marksman_pulse
[2m2026-02-01T00:57:12.602609Z[0m [32m INFO[0m [2mdashboard_server[0m[2m:[0m Sending to WebSocket client: 46167 bytes
[2m2026-02-01T00:57:12.602810Z[0m [32m INFO[0m [2mdashboard_server[0m[2m:[0m Received broadcast: marksman_pulse
[2m2026-02-01T00:57:12.603483Z[0m [32m INFO[0m [2mdashboard_server[0m[2m:[0m Sending to WebSocket client: 46167 bytes
[2m2026-02-01T00:57:21.142723Z[0m [32m INFO[0m [2mdashboard_server[0m[2m:[0m 📡 Telemetry Push: marksman_pulse
[2m2026-02-01T00:57:21.144125Z[0m [32m INFO[0m [2mdashboard_server[0m[2m:[0m Received broadcast: marksman_pulse
[2m2026-02-01T00:57:21.144153Z[0m [32m INFO[0m [2mdashboard_server[0m[2m:[0m Received broadcast: marksman_pulse
[2m2026-02-01T00:57:21.144243Z[0m [32m INFO[0m [2mdashboard_server[0m[2m:[0m Sending to WebSocket client: 45910 bytes
[2m2026-02-01T00:57:21.144263Z[0m [32m INFO[0m [2mdashboard_server[0m[2m:[0m Sending to WebSocket client: 45910 bytes
[2m2026-02-01T00:57:30.225410Z[0m [32m INFO[0m [2mdashboard_server[0m[2m:[0m 📡 Telemetry Push: marksman_pulse
[2m2026-02-01T00:57:30.226814Z[0m [32m INFO[0m [2mdashboard_server[0m[2m:[0m Received broadcast: marksman_pulse
[2m2026-02-01T00:57:30.226860Z[0m [32m INFO[0m [2mdashboard_server[0m[2m:[0m Received broadcast: marksman_pulse
[2m2026-02-01T00:57:30.226949Z[0m [32m INFO[0m [2mdashboard_server[0m[2m:[0m Sending to WebSocket client: 45995 bytes
[2m2026-02-01T00:57:30.226998Z[0m [32m INFO[0m [2mdashboard_server[0m[2m:[0m Sending to WebSocket client: 45995 bytes
[2m2026-02-01T00:57:38.312891Z[0m [32m INFO[0m [2mdashboard_server[0m[2m:[0m 📡 Telemetry Push: marksman_pulse
[2m2026-02-01T00:57:38.316847Z[0m [32m INFO[0m [2mdashboard_server[0m[2m:[0m Received broadcast: marksman_pulse
[2m2026-02-01T00:57:38.316992Z[0m [32m INFO[0m [2mdashboard_server[0m[2m:[0m Sending to WebSocket client: 46176 bytes
[2m2026-02-01T00:57:38.318279Z[0m [32m INFO[0m [2mdashboard_server[0m[2m:[0m Received broadcast: marksman_pulse
[2m2026-02-01T00:57:38.318622Z[0m [32m INFO[0m [2mdashboard_server[0m[2m:[0m Sending to WebSocket client: 46176 bytes
[2m2026-02-01T00:57:46.633016Z[0m [32m INFO[0m [2mdashboard_server[0m[2m:[0m 📡 Telemetry Push: marksman_pulse
[2m2026-02-01T00:57:46.635808Z[0m [32m INFO[0m [2mdashboard_server[0m[2m:[0m Received broadcast: marksman_pulse
[2m2026-02-01T00:57:46.636224Z[0m [32m INFO[0m [2mdashboard_server[0m[2m:[0m Sending to WebSocket client: 46130 bytes
[2m2026-02-01T00:57:46.636227Z[0m [32m INFO[0m [2mdashboard_server[0m[2m:[0m Received broadcast: marksman_pulse
[2m2026-02-01T00:57:46.636630Z[0m [32m INFO[0m [2mdashboard_server[0m[2m:[0m Sending to WebSocket client: 46130 bytes
[2m2026-02-01T00:57:55.292367Z[0m [32m INFO[0m [2mdashboard_server[0m[2m:[0m 📡 Telemetry Push: marksman_pulse
[2m2026-02-01T00:57:55.296757Z[0m [32m INFO[0m [2mdashboard_server[0m[2m:[0m Received broadcast: marksman_pulse
[2m2026-02-01T00:57:55.296790Z[0m [32m INFO[0m [2mdashboard_server[0m[2m:[0m Received broadcast: marksman_pulse
[2m2026-02-01T00:57:55.296896Z[0m [32m INFO[0m [2mdashboard_server[0m[2m:[0m Sending to WebSocket client: 45795 bytes
[2m2026-02-01T00:57:55.297679Z[0m [32m INFO[0m [2mdashboard_server[0m[2m:[0m Sending to WebSocket client: 45795 bytes
[2m2026-02-01T00:58:08.568567Z[0m [32m INFO[0m [2mdashboard_server[0m[2m:[0m 📡 Telemetry Push: marksman_pulse
[2m2026-02-01T00:58:08.742024Z[0m [32m INFO[0m [2mdashboard_server[0m[2m:[0m Received broadcast: marksman_pulse
[2m2026-02-01T00:58:08.742188Z[0m [32m INFO[0m [2mdashboard_server[0m[2m:[0m Received broadcast: marksman_pulse
[2m2026-02-01T00:58:08.744905Z[0m [32m INFO[0m [2mdashboard_server[0m[2m:[0m Sending to WebSocket client: 45828 bytes
[2m2026-02-01T00:58:08.747398Z[0m [32m INFO[0m [2mdashboard_server[0m[2m:[0m Sending to WebSocket client: 45828 bytes
[2m2026-02-01T00:58:39.427803Z[0m [32m INFO[0m [2mdashboard_server[0m[2m:[0m 📡 Telemetry Push: marksman_pulse
[2m2026-02-01T00:58:39.441696Z[0m [32m INFO[0m [2mdashboard_server[0m[2m:[0m Received broadcast: marksman_pulse
[2m2026-02-01T00:58:39.442389Z[0m [32m INFO[0m [2mdashboard_server[0m[2m:[0m Sending to WebSocket client: 46025 bytes
[2m2026-02-01T00:58:39.443196Z[0m [32m INFO[0m [2mdashboard_server[0m[2m:[0m Received broadcast: marksman_pulse
[2m2026-02-01T00:58:39.444668Z[0m [32m INFO[0m [2mdashboard_server[0m[2m:[0m Sending to WebSocket client: 46025 bytes
[2m2026-02-01T00:59:11.245721Z[0m [32m INFO[0m [2mdashboard_server[0m[2m:[0m 📡 Telemetry Push: marksman_pulse
[2m2026-02-01T00:59:11.248860Z[0m [32m INFO[0m [2mdashboard_server[0m[2m:[0m Received broadcast: marksman_pulse
[2m2026-02-01T00:59:11.248974Z[0m [32m INFO[0m [2mdashboard_server[0m[2m:[0m Sending to WebSocket client: 46084 bytes
[2m2026-02-01T00:59:11.249044Z[0m [32m INFO[0m [2mdashboard_server[0m[2m:[0m Received broadcast: marksman_pulse
[2m2026-02-01T00:59:11.250190Z[0m [32m INFO[0m [2mdashboard_server[0m[2m:[0m Sending to WebSocket client: 46084 bytes
[2m2026-02-01T00:59:28.538693Z[0m [32m INFO[0m [2mdashboard_server[0m[2m:[0m 📡 Telemetry Push: marksman_pulse
[2m2026-02-01T00:59:28.540307Z[0m [32m INFO[0m [2mdashboard_server[0m[2m:[0m Received broadcast: marksman_pulse
[2m2026-02-01T00:59:28.540344Z[0m [32m INFO[0m [2mdashboard_server[0m[2m:[0m Received broadcast: marksman_pulse
[2m2026-02-01T00:59:28.540496Z[0m [32m INFO[0m [2mdashboard_server[0m[2m:[0m Sending to WebSocket client: 46212 bytes
[2m2026-02-01T00:59:28.540634Z[0m [32m INFO[0m [2mdashboard_server[0m[2m:[0m Sending to WebSocket client: 46212 bytes
[2m2026-02-01T00:59:45.069170Z[0m [32m INFO[0m [2mdashboard_server[0m[2m:[0m 📡 Telemetry Push: marksman_pulse
[2m2026-02-01T00:59:45.091107Z[0m [32m INFO[0m [2mdashboard_server[0m[2m:[0m Received broadcast: marksman_pulse
[2m2026-02-01T00:59:45.092159Z[0m [32m INFO[0m [2mdashboard_server[0m[2m:[0m Received broadcast: marksman_pulse
[2m2026-02-01T00:59:45.094069Z[0m [32m INFO[0m [2mdashboard_server[0m[2m:[0m Sending to WebSocket client: 46142 bytes
[2m2026-02-01T00:59:45.094404Z[0m [32m INFO[0m [2mdashboard_server[0m[2m:[0m Sending to WebSocket client: 46142 bytes
[2m2026-02-01T01:00:18.674459Z[0m [32m INFO[0m [2mdashboard_server[0m[2m:[0m 📡 Telemetry Push: marksman_pulse
[2m2026-02-01T01:00:18.695382Z[0m [32m INFO[0m [2mdashboard_server[0m[2m:[0m Received broadcast: marksman_pulse
[2m2026-02-01T01:00:18.697910Z[0m [32m INFO[0m [2mdashboard_server[0m[2m:[0m Received broadcast: marksman_pulse
[2m2026-02-01T01:00:18.698325Z[0m [32m INFO[0m [2mdashboard_server[0m[2m:[0m Sending to WebSocket client: 45788 bytes
[2m2026-02-01T01:00:18.702618Z[0m [32m INFO[0m [2mdashboard_server[0m[2m:[0m Sending to WebSocket client: 45788 bytes
[2m2026-02-01T01:01:12.652548Z[0m [32m INFO[0m [2mdashboard_server[0m[2m:[0m 📡 Telemetry Push: marksman_pulse
[2m2026-02-01T01:01:12.665281Z[0m [32m INFO[0m [2mdashboard_server[0m[2m:[0m Received broadcast: marksman_pulse
[2m2026-02-01T01:01:12.665803Z[0m [32m INFO[0m [2mdashboard_server[0m[2m:[0m Received broadcast: marksman_pulse
[2m2026-02-01T01:01:12.667553Z[0m [32m INFO[0m [2mdashboard_server[0m[2m:[0m Sending to WebSocket client: 45903 bytes
[2m2026-02-01T01:01:12.668929Z[0m [32m INFO[0m [2mdashboard_server[0m[2m:[0m Sending to WebSocket client: 45903 bytes
[2m2026-02-01T01:01:52.302408Z[0m [32m INFO[0m [2mdashboard_server[0m[2m:[0m 📡 Telemetry Push: marksman_pulse
[2m2026-02-01T01:01:52.319338Z[0m [32m INFO[0m [2mdashboard_server[0m[2m:[0m Received broadcast: marksman_pulse
[2m2026-02-01T01:01:52.320531Z[0m [32m INFO[0m [2mdashboard_server[0m[2m:[0m Received broadcast: marksman_pulse
[2m2026-02-01T01:01:52.320658Z[0m [32m INFO[0m [2mdashboard_server[0m[2m:[0m Sending to WebSocket client: 45821 bytes
[2m2026-02-01T01:01:52.320811Z[0m [32m INFO[0m [2mdashboard_server[0m[2m:[0m Sending to WebSocket client: 45821 bytes
[2m2026-02-01T01:02:16.198279Z[0m [32m INFO[0m [2mdashboard_server[0m[2m:[0m 📡 Telemetry Push: marksman_pulse
[2m2026-02-01T01:02:16.202394Z[0m [32m INFO[0m [2mdashboard_server[0m[2m:[0m Received broadcast: marksman_pulse
[2m2026-02-01T01:02:16.202412Z[0m [32m INFO[0m [2mdashboard_server[0m[2m:[0m Received broadcast: marksman_pulse
[2m2026-02-01T01:02:16.203718Z[0m [32m INFO[0m [2mdashboard_server[0m[2m:[0m Sending to WebSocket client: 45828 bytes
[2m2026-02-01T01:02:16.205694Z[0m [32m INFO[0m [2mdashboard_server[0m[2m:[0m Sending to WebSocket client: 45828 bytes
[2m2026-02-01T01:02:34.031445Z[0m [32m INFO[0m [2mdashboard_server[0m[2m:[0m 📡 Telemetry Push: marksman_pulse
[2m2026-02-01T01:02:34.037053Z[0m [32m INFO[0m [2mdashboard_server[0m[2m:[0m Received broadcast: marksman_pulse
[2m2026-02-01T01:02:34.037251Z[0m [32m INFO[0m [2mdashboard_server[0m[2m:[0m Sending to WebSocket client: 46216 bytes
[2m2026-02-01T01:02:34.038307Z[0m [32m INFO[0m [2mdashboard_server[0m[2m:[0m Received broadcast: marksman_pulse
[2m2026-02-01T01:02:34.039706Z[0m [32m INFO[0m [2mdashboard_server[0m[2m:[0m Sending to WebSocket client: 46216 bytes
[2m2026-02-01T01:02:48.467635Z[0m [32m INFO[0m [2mdashboard_server[0m[2m:[0m 📡 Telemetry Push: marksman_pulse
[2m2026-02-01T01:02:48.478111Z[0m [32m INFO[0m [2mdashboard_server[0m[2m:[0m Received broadcast: marksman_pulse
[2m2026-02-01T01:02:48.478570Z[0m [32m INFO[0m [2mdashboard_server[0m[2m:[0m Sending to WebSocket client: 45953 bytes
[2m2026-02-01T01:02:48.479091Z[0m [32m INFO[0m [2mdashboard_server[0m[2m:[0m Received broadcast: marksman_pulse
[2m2026-02-01T01:02:48.480845Z[0m [32m INFO[0m [2mdashboard_server[0m[2m:[0m Sending to WebSocket client: 45953 bytes
[2m2026-02-01T01:03:03.766177Z[0m [32m INFO[0m [2mdashboard_server[0m[2m:[0m 📡 Telemetry Push: marksman_pulse
[2m2026-02-01T01:03:03.781893Z[0m [32m INFO[0m [2mdashboard_server[0m[2m:[0m Received broadcast: marksman_pulse
[2m2026-02-01T01:03:03.781968Z[0m [32m INFO[0m [2mdashboard_server[0m[2m:[0m Received broadcast: marksman_pulse
[2m2026-02-01T01:03:03.782221Z[0m [32m INFO[0m [2mdashboard_server[0m[2m:[0m Sending to WebSocket client: 45951 bytes
[2m2026-02-01T01:03:03.786399Z[0m [32m INFO[0m [2mdashboard_server[0m[2m:[0m Sending to WebSocket client: 45951 bytes
[2m2026-02-01T01:03:21.262282Z[0m [32m INFO[0m [2mdashboard_server[0m[2m:[0m 📡 Telemetry Push: marksman_pulse
[2m2026-02-01T01:03:21.270517Z[0m [32m INFO[0m [2mdashboard_server[0m[2m:[0m Received broadcast: marksman_pulse
[2m2026-02-01T01:03:21.270986Z[0m [32m INFO[0m [2mdashboard_server[0m[2m:[0m Received broadcast: marksman_pulse
[2m2026-02-01T01:03:21.271247Z[0m [32m INFO[0m [2mdashboard_server[0m[2m:[0m Sending to WebSocket client: 46101 bytes
[2m2026-02-01T01:03:21.273874Z[0m [32m INFO[0m [2mdashboard_server[0m[2m:[0m Sending to WebSocket client: 46101 bytes
[2m2026-02-01T01:03:38.801651Z[0m [32m INFO[0m [2mdashboard_server[0m[2m:[0m 📡 Telemetry Push: marksman_pulse
[2m2026-02-01T01:03:38.805572Z[0m [32m INFO[0m [2mdashboard_server[0m[2m:[0m Received broadcast: marksman_pulse
[2m2026-02-01T01:03:38.806027Z[0m [32m INFO[0m [2mdashboard_server[0m[2m:[0m Received broadcast: marksman_pulse
[2m2026-02-01T01:03:38.806449Z[0m [32m INFO[0m [2mdashboard_server[0m[2m:[0m Sending to WebSocket client: 46117 bytes
[2m2026-02-01T01:03:38.806649Z[0m [32m INFO[0m [2mdashboard_server[0m[2m:[0m Sending to WebSocket client: 46117 bytes
[2m2026-02-01T01:03:51.307429Z[0m [32m INFO[0m [2mdashboard_server[0m[2m:[0m 📡 Telemetry Push: marksman_pulse
[2m2026-02-01T01:03:51.309989Z[0m [32m INFO[0m [2mdashboard_server[0m[2m:[0m Received broadcast: marksman_pulse
[2m2026-02-01T01:03:51.310464Z[0m [32m INFO[0m [2mdashboard_server[0m[2m:[0m Received broadcast: marksman_pulse
[2m2026-02-01T01:03:51.310587Z[0m [32m INFO[0m [2mdashboard_server[0m[2m:[0m Sending to WebSocket client: 46043 bytes
[2m2026-02-01T01:03:51.310898Z[0m [32m INFO[0m [2mdashboard_server[0m[2m:[0m Sending to WebSocket client: 46043 bytes
[2m2026-02-01T01:04:01.304837Z[0m [32m INFO[0m [2mdashboard_server[0m[2m:[0m 📡 Telemetry Push: marksman_pulse
[2m2026-02-01T01:04:01.310442Z[0m [32m INFO[0m [2mdashboard_server[0m[2m:[0m Received broadcast: marksman_pulse
[2m2026-02-01T01:04:01.311159Z[0m [32m INFO[0m [2mdashboard_server[0m[2m:[0m Sending to WebSocket client: 45852 bytes
[2m2026-02-01T01:04:01.311679Z[0m [32m INFO[0m [2mdashboard_server[0m[2m:[0m Received broadcast: marksman_pulse
[2m2026-02-01T01:04:01.311882Z[0m [32m INFO[0m [2mdashboard_server[0m[2m:[0m Sending to WebSocket client: 45852 bytes
[2m2026-02-01T01:04:14.854452Z[0m [32m INFO[0m [2mdashboard_server[0m[2m:[0m 📡 Telemetry Push: marksman_pulse
[2m2026-02-01T01:04:14.859705Z[0m [32m INFO[0m [2mdashboard_server[0m[2m:[0m Received broadcast: marksman_pulse
[2m2026-02-01T01:04:14.861293Z[0m [32m INFO[0m [2mdashboard_server[0m[2m:[0m Sending to WebSocket client: 46031 bytes
[2m2026-02-01T01:04:14.862070Z[0m [32m INFO[0m [2mdashboard_server[0m[2m:[0m Received broadcast: marksman_pulse
[2m2026-02-01T01:04:14.863526Z[0m [32m INFO[0m [2mdashboard_server[0m[2m:[0m Sending to WebSocket client: 46031 bytes
[2m2026-02-01T01:04:32.834697Z[0m [32m INFO[0m [2mdashboard_server[0m[2m:[0m 📡 Telemetry Push: marksman_pulse
[2m2026-02-01T01:04:32.838471Z[0m [32m INFO[0m [2mdashboard_server[0m[2m:[0m Received broadcast: marksman_pulse
[2m2026-02-01T01:04:32.838982Z[0m [32m INFO[0m [2mdashboard_server[0m[2m:[0m Received broadcast: marksman_pulse
[2m2026-02-01T01:04:32.839024Z[0m [32m INFO[0m [2mdashboard_server[0m[2m:[0m Sending to WebSocket client: 46205 bytes
[2m2026-02-01T01:04:32.840173Z[0m [32m INFO[0m [2mdashboard_server[0m[2m:[0m Sending to WebSocket client: 46205 bytes
[2m2026-02-01T01:04:58.025259Z[0m [32m INFO[0m [2mdashboard_server[0m[2m:[0m 📡 Telemetry Push: marksman_pulse
[2m2026-02-01T01:04:58.046561Z[0m [32m INFO[0m [2mdashboard_server[0m[2m:[0m Received broadcast: marksman_pulse
[2m2026-02-01T01:04:58.051080Z[0m [32m INFO[0m [2mdashboard_server[0m[2m:[0m Received broadcast: marksman_pulse
[2m2026-02-01T01:04:58.051164Z[0m [32m INFO[0m [2mdashboard_server[0m[2m:[0m Sending to WebSocket client: 46222 bytes
[2m2026-02-01T01:04:58.054278Z[0m [32m INFO[0m [2mdashboard_server[0m[2m:[0m Sending to WebSocket client: 46222 bytes
[2m2026-02-01T01:06:04.641606Z[0m [32m INFO[0m [2mdashboard_server[0m[2m:[0m 📡 Telemetry Push: marksman_pulse
[2m2026-02-01T01:06:04.657252Z[0m [32m INFO[0m [2mdashboard_server[0m[2m:[0m Received broadcast: marksman_pulse
[2m2026-02-01T01:06:04.658995Z[0m [32m INFO[0m [2mdashboard_server[0m[2m:[0m Received broadcast: marksman_pulse
[2m2026-02-01T01:06:04.660945Z[0m [32m INFO[0m [2mdashboard_server[0m[2m:[0m Sending to WebSocket client: 45862 bytes
[2m2026-02-01T01:06:04.661921Z[0m [32m INFO[0m [2mdashboard_server[0m[2m:[0m Sending to WebSocket client: 45862 bytes
[2m2026-02-01T01:07:13.073350Z[0m [32m INFO[0m [2mdashboard_server[0m[2m:[0m 📡 Telemetry Push: marksman_pulse
[2m2026-02-01T01:07:13.103393Z[0m [32m INFO[0m [2mdashboard_server[0m[2m:[0m Received broadcast: marksman_pulse
[2m2026-02-01T01:07:13.104495Z[0m [32m INFO[0m [2mdashboard_server[0m[2m:[0m Received broadcast: marksman_pulse
[2m2026-02-01T01:07:13.104788Z[0m [32m INFO[0m [2mdashboard_server[0m[2m:[0m Sending to WebSocket client: 46126 bytes
[2m2026-02-01T01:07:13.106465Z[0m [32m INFO[0m [2mdashboard_server[0m[2m:[0m Sending to WebSocket client: 46126 bytes
[2m2026-02-01T01:11:01.806730Z[0m [32m INFO[0m [2mdashboard_server[0m[2m:[0m 📡 Telemetry Push: marksman_pulse
[2m2026-02-01T01:11:01.847435Z[0m [32m INFO[0m [2mdashboard_server[0m[2m:[0m Received broadcast: marksman_pulse
[2m2026-02-01T01:11:01.848825Z[0m [32m INFO[0m [2mdashboard_server[0m[2m:[0m Received broadcast: marksman_pulse
[2m2026-02-01T01:11:01.853460Z[0m [32m INFO[0m [2mdashboard_server[0m[2m:[0m Sending to WebSocket client: 46135 bytes
[2m2026-02-01T01:11:01.854531Z[0m [32m INFO[0m [2mdashboard_server[0m[2m:[0m Sending to WebSocket client: 46135 bytes
[2m2026-02-01T01:12:44.214841Z[0m [32m INFO[0m [2mdashboard_server[0m[2m:[0m 📡 Telemetry Push: marksman_pulse
[2m2026-02-01T01:12:44.226162Z[0m [32m INFO[0m [2mdashboard_server[0m[2m:[0m Received broadcast: marksman_pulse
[2m2026-02-01T01:12:44.227112Z[0m [32m INFO[0m [2mdashboard_server[0m[2m:[0m Sending to WebSocket client: 45874 bytes
[2m2026-02-01T01:12:44.228319Z[0m [32m INFO[0m [2mdashboard_server[0m[2m:[0m Received broadcast: marksman_pulse
[2m2026-02-01T01:12:44.229442Z[0m [32m INFO[0m [2mdashboard_server[0m[2m:[0m Sending to WebSocket client: 45874 bytes
[2m2026-02-01T01:14:42.925043Z[0m [32m INFO[0m [2mdashboard_server[0m[2m:[0m 📡 Telemetry Push: marksman_pulse
[2m2026-02-01T01:14:42.970413Z[0m [32m INFO[0m [2mdashboard_server[0m[2m:[0m Received broadcast: marksman_pulse
[2m2026-02-01T01:14:42.980830Z[0m [32m INFO[0m [2mdashboard_server[0m[2m:[0m Sending to WebSocket client: 46041 bytes
[2m2026-02-01T01:14:42.981725Z[0m [32m INFO[0m [2mdashboard_server[0m[2m:[0m Received broadcast: marksman_pulse
[2m2026-02-01T01:14:42.985268Z[0m [32m INFO[0m [2mdashboard_server[0m[2m:[0m Sending to WebSocket client: 46041 bytes
[2m2026-02-01T01:16:36.187933Z[0m [32m INFO[0m [2mdashboard_server[0m[2m:[0m 📡 Telemetry Push: marksman_pulse
[2m2026-02-01T01:16:36.220453Z[0m [32m INFO[0m [2mdashboard_server[0m[2m:[0m Received broadcast: marksman_pulse
[2m2026-02-01T01:16:36.223079Z[0m [32m INFO[0m [2mdashboard_server[0m[2m:[0m Received broadcast: marksman_pulse
[2m2026-02-01T01:16:36.223271Z[0m [32m INFO[0m [2mdashboard_server[0m[2m:[0m Sending to WebSocket client: 46036 bytes
[2m2026-02-01T01:16:36.229796Z[0m [32m INFO[0m [2mdashboard_server[0m[2m:[0m Sending to WebSocket client: 46036 bytes
[2m2026-02-01T01:24:47.258830Z[0m [32m INFO[0m [2mdashboard_server[0m[2m:[0m 📡 Telemetry Push: marksman_pulse
[2m2026-02-01T01:24:47.289797Z[0m [32m INFO[0m [2mdashboard_server[0m[2m:[0m Received broadcast: marksman_pulse
[2m2026-02-01T01:24:47.292482Z[0m [32m INFO[0m [2mdashboard_server[0m[2m:[0m Sending to WebSocket client: 45955 bytes
[2m2026-02-01T01:24:47.295313Z[0m [32m INFO[0m [2mdashboard_server[0m[2m:[0m Received broadcast: marksman_pulse
[2m2026-02-01T01:24:47.298207Z[0m [32m INFO[0m [2mdashboard_server[0m[2m:[0m Sending to WebSocket client: 45955 bytes
[2m2026-02-01T01:28:45.670071Z[0m [32m INFO[0m [2mdashboard_server[0m[2m:[0m 📡 Telemetry Push: marksman_pulse
[2m2026-02-01T01:28:47.290218Z[0m [32m INFO[0m [2mdashboard_server[0m[2m:[0m Received broadcast: marksman_pulse
[2m2026-02-01T01:28:47.310397Z[0m [32m INFO[0m [2mdashboard_server[0m[2m:[0m Received broadcast: marksman_pulse
[2m2026-02-01T01:28:47.316521Z[0m [32m INFO[0m [2mdashboard_server[0m[2m:[0m Sending to WebSocket client: 46090 bytes
[2m2026-02-01T01:28:47.322324Z[0m [32m INFO[0m [2mdashboard_server[0m[2m:[0m Sending to WebSocket client: 46090 bytes
[2m2026-02-01T01:30:58.024489Z[0m [32m INFO[0m [2mdashboard_server[0m[2m:[0m 📡 Telemetry Push: marksman_pulse
[2m2026-02-01T01:30:58.045634Z[0m [32m INFO[0m [2mdashboard_server[0m[2m:[0m Received broadcast: marksman_pulse
[2m2026-02-01T01:30:58.045763Z[0m [32m INFO[0m [2mdashboard_server[0m[2m:[0m Sending to WebSocket client: 46153 bytes
[2m2026-02-01T01:30:58.046664Z[0m [32m INFO[0m [2mdashboard_server[0m[2m:[0m Received broadcast: marksman_pulse
[2m2026-02-01T01:30:58.049113Z[0m [32m INFO[0m [2mdashboard_server[0m[2m:[0m Sending to WebSocket client: 46153 bytes
[2m2026-02-01T01:32:08.026052Z[0m [32m INFO[0m [2mdashboard_server[0m[2m:[0m 📡 Telemetry Push: marksman_pulse
[2m2026-02-01T01:32:08.060370Z[0m [32m INFO[0m [2mdashboard_server[0m[2m:[0m Received broadcast: marksman_pulse
[2m2026-02-01T01:32:08.063173Z[0m [32m INFO[0m [2mdashboard_server[0m[2m:[0m Received broadcast: marksman_pulse
[2m2026-02-01T01:32:08.730671Z[0m [32m INFO[0m [2mdashboard_server[0m[2m:[0m Sending to WebSocket client: 45982 bytes
[2m2026-02-01T01:32:08.749525Z[0m [32m INFO[0m [2mdashboard_server[0m[2m:[0m Sending to WebSocket client: 45982 bytes
[2m2026-02-01T01:40:23.201922Z[0m [32m INFO[0m [2mdashboard_server[0m[2m:[0m WebSocket client disconnected
[2m2026-02-01T01:40:23.201800Z[0m [32m INFO[0m [2mdashboard_server[0m[2m:[0m WebSocket client disconnected
[2m2026-02-01T01:42:18.012957Z[0m [32m INFO[0m [2mdashboard_server[0m[2m:[0m 📡 Telemetry Push: marksman_pulse
[2m2026-02-01T01:44:45.034544Z[0m [32m INFO[0m [2mdashboard_server[0m[2m:[0m 📡 Telemetry Push: marksman_pulse
[2m2026-02-01T01:45:27.760345Z[0m [32m INFO[0m [2mdashboard_server[0m[2m:[0m 📡 Telemetry Push: marksman_pulse
