{
  "model": "RandomForest",
  "train_accuracy": 0.9044016506189821,
  "val_accuracy": 0.5309278350515464,
  "test_accuracy": 0.6762886597938145,
  "feature_importances": {
    "Volatility": 0.11557789692371595,
    "Momentum": 0.05362002582956697,
    "AC_1": 0.10727998971733128,
    "AC_5": 0.10171263389437399,
    "AC_10": 0.09362522736467206,
    "Vol_Change": 0.03472438285247082,
    "HL_Range": 0.12348565325086876,
    "Max_Up": 0.13347938367798315,
    "Max_Down": 0.13707905111901741,
    "Avg_Abs_Return": 0.09941575536999958
  }
}