{
  "initial_capital": 10000,
  "final_equity": 10099.924928507666,
  "total_return_pct": 0.9992492850766643,
  "num_trades": 36,
  "win_rate": 0.4722222222222222,
  "sharpe_ratio": 0.5624514163159241,
  "max_drawdown": 4.215627785493954,
  "avg_return_per_trade": 0.03164536227788867
}